run_accession	sample_accession	experiment_accession	study_accession	tax_id	scientific_name	experiment_title	experiment_alias	Sampletype	Substrate	Location	Latitude	Longitude	fastq_ftp	sample_title
DRR528401	SAMD00736388	DRX512276	PRJDB17400	256318	metagenome	Illumina NovaSeq 6000 sequencing: Illumina NovaSeq 6000 paired end sequencing of SAMD00736388	PA1	Plastic	Undefined plastic	A1	35.834	139.607	ftp.sra.ebi.ac.uk/vol1/fastq/DRR528/DRR528401/DRR528401_1.fastq.gz;ftp.sra.ebi.ac.uk/vol1/fastq/DRR528/DRR528401/DRR528401_2.fastq.gz	
DRR528614	SAMD00736386	DRX512487	PRJDB17400	256318	metagenome	Illumina NovaSeq 6000 sequencing: Illumina NovaSeq 6000 paired end sequencing of SAMD00736386	WT1	Water	Freshwater	T1	35.911	140.496	ftp.sra.ebi.ac.uk/vol1/fastq/DRR528/DRR528614/DRR528614_1.fastq.gz;ftp.sra.ebi.ac.uk/vol1/fastq/DRR528/DRR528614/DRR528614_2.fastq.gz	
DRR528402	SAMD00736389	DRX512277	PRJDB17400	256318	metagenome	Illumina NovaSeq 6000 sequencing: Illumina NovaSeq 6000 paired end sequencing of SAMD00736389	PA2	Plastic	Undefined plastic	A2	35.648	139.841	ftp.sra.ebi.ac.uk/vol1/fastq/DRR528/DRR528402/DRR528402_1.fastq.gz;ftp.sra.ebi.ac.uk/vol1/fastq/DRR528/DRR528402/DRR528402_2.fastq.gz	
DRR528404	SAMD00736391	DRX512279	PRJDB17400	256318	metagenome	Illumina NovaSeq 6000 sequencing: Illumina NovaSeq 6000 paired end sequencing of SAMD00736391	PT2-1	Plastic	Undefined plastic	T2	35.745	140.86	ftp.sra.ebi.ac.uk/vol1/fastq/DRR528/DRR528404/DRR528404_1.fastq.gz;ftp.sra.ebi.ac.uk/vol1/fastq/DRR528/DRR528404/DRR528404_2.fastq.gz	
DRR528613	SAMD00736385	DRX512486	PRJDB17400	256318	metagenome	Illumina NovaSeq 6000 sequencing: Illumina NovaSeq 6000 paired end sequencing of SAMD00736385	WA2	Water	Freshwater	A2	35.648	139.841	ftp.sra.ebi.ac.uk/vol1/fastq/DRR528/DRR528613/DRR528613_1.fastq.gz;ftp.sra.ebi.ac.uk/vol1/fastq/DRR528/DRR528613/DRR528613_2.fastq.gz	
DRR528403	SAMD00736390	DRX512278	PRJDB17400	256318	metagenome	Illumina NovaSeq 6000 sequencing: Illumina NovaSeq 6000 paired end sequencing of SAMD00736390	PT1	Plastic	Undefined plastic	T1	35.911	140.496	ftp.sra.ebi.ac.uk/vol1/fastq/DRR528/DRR528403/DRR528403_1.fastq.gz;ftp.sra.ebi.ac.uk/vol1/fastq/DRR528/DRR528403/DRR528403_2.fastq.gz	
DRR528405	SAMD00736392	DRX512280	PRJDB17400	256318	metagenome	Illumina NovaSeq 6000 sequencing: Illumina NovaSeq 6000 paired end sequencing of SAMD00736392	PT2-2	Plastic	Undefined plastic	T2	35.745	140.86	ftp.sra.ebi.ac.uk/vol1/fastq/DRR528/DRR528405/DRR528405_1.fastq.gz;ftp.sra.ebi.ac.uk/vol1/fastq/DRR528/DRR528405/DRR528405_2.fastq.gz	
DRR528612	SAMD00736384	DRX512485	PRJDB17400	256318	metagenome	Illumina NovaSeq 6000 sequencing: Illumina NovaSeq 6000 paired end sequencing of SAMD00736384	WA1	Water	Freshwater	A1	35.834	139.607	ftp.sra.ebi.ac.uk/vol1/fastq/DRR528/DRR528612/DRR528612_1.fastq.gz;ftp.sra.ebi.ac.uk/vol1/fastq/DRR528/DRR528612/DRR528612_2.fastq.gz	
DRR528615	SAMD00736387	DRX512488	PRJDB17400	256318	metagenome	Illumina NovaSeq 6000 sequencing: Illumina NovaSeq 6000 paired end sequencing of SAMD00736387	WT2	Water	Freshwater	T2	35.745	140.86	ftp.sra.ebi.ac.uk/vol1/fastq/DRR528/DRR528615/DRR528615_1.fastq.gz;ftp.sra.ebi.ac.uk/vol1/fastq/DRR528/DRR528615/DRR528615_2.fastq.gz	
ERR1995201	SAMEA4461980	ERX2055070	PRJEB15404	256318	metagenome	Illumina HiSeq 2500 paired end sequencing	ena-EXPERIMENT-TEXAS A&M CORPUS CHRISTI-31-05-2017-21:20:37:543-1	Plastic	PET	1	27.5441666666667	-97.2854722222222	ftp.sra.ebi.ac.uk/vol1/fastq/ERR199/001/ERR1995201/ERR1995201_1.fastq.gz;ftp.sra.ebi.ac.uk/vol1/fastq/ERR199/001/ERR1995201/ERR1995201_2.fastq.gz	PET 1
ERR1995202	SAMEA4461981	ERX2055071	PRJEB15404	256318	metagenome	Illumina HiSeq 2500 paired end sequencing	ena-EXPERIMENT-TEXAS A&M CORPUS CHRISTI-31-05-2017-21:20:37:543-2	Plastic	PET	2	27.5441666666667	-97.2854722222222	ftp.sra.ebi.ac.uk/vol1/fastq/ERR199/002/ERR1995202/ERR1995202_1.fastq.gz;ftp.sra.ebi.ac.uk/vol1/fastq/ERR199/002/ERR1995202/ERR1995202_2.fastq.gz	PET 2
ERR1995206	SAMEA4461979	ERX2055075	PRJEB15404	256318	metagenome	Illumina HiSeq 2500 paired end sequencing	ena-EXPERIMENT-TEXAS A&M CORPUS CHRISTI-31-05-2017-21:30:12:556-3	Water	Seawater	3	27.5441666666667	-97.2854722222222	ftp.sra.ebi.ac.uk/vol1/fastq/ERR199/006/ERR1995206/ERR1995206_1.fastq.gz;ftp.sra.ebi.ac.uk/vol1/fastq/ERR199/006/ERR1995206/ERR1995206_2.fastq.gz	Seawater 3
ERR1995157	SAMEA4461984	ERX2055026	PRJEB15404	256318	metagenome	Illumina HiSeq 2500 paired end sequencing	ena-EXPERIMENT-TEXAS A&M CORPUS CHRISTI-31-05-2017-20:04:33:923-2	Plastic	PHA	2	27.5441666666667	-97.2854722222222	ftp.sra.ebi.ac.uk/vol1/fastq/ERR199/007/ERR1995157/ERR1995157_1.fastq.gz;ftp.sra.ebi.ac.uk/vol1/fastq/ERR199/007/ERR1995157/ERR1995157_2.fastq.gz	PHA 2
ERR1995158	SAMEA4461985	ERX2055027	PRJEB15404	256318	metagenome	Illumina HiSeq 2500 paired end sequencing	ena-EXPERIMENT-TEXAS A&M CORPUS CHRISTI-31-05-2017-20:04:33:923-3	Plastic	PHA	3	27.5441666666667	-97.2854722222222	ftp.sra.ebi.ac.uk/vol1/fastq/ERR199/008/ERR1995158/ERR1995158_1.fastq.gz;ftp.sra.ebi.ac.uk/vol1/fastq/ERR199/008/ERR1995158/ERR1995158_2.fastq.gz	PHA 3
ERR1995199	SAMEA4461987	ERX2055068	PRJEB15404	256318	metagenome	Illumina HiSeq 2500 paired end sequencing	ena-EXPERIMENT-TEXAS A&M CORPUS CHRISTI-31-05-2017-21:12:14:300-2	Non-plastic	Ceramic	2	27.5441666666667	-97.2854722222222	ftp.sra.ebi.ac.uk/vol1/fastq/ERR199/009/ERR1995199/ERR1995199_1.fastq.gz;ftp.sra.ebi.ac.uk/vol1/fastq/ERR199/009/ERR1995199/ERR1995199_2.fastq.gz	Ceramic 2
ERR1995200	SAMEA4461988	ERX2055069	PRJEB15404	256318	metagenome	Illumina HiSeq 2500 paired end sequencing	ena-EXPERIMENT-TEXAS A&M CORPUS CHRISTI-31-05-2017-21:12:14:300-3	Non-plastic	Ceramic	3	27.5441666666667	-97.2854722222222	ftp.sra.ebi.ac.uk/vol1/fastq/ERR199/000/ERR1995200/ERR1995200_1.fastq.gz;ftp.sra.ebi.ac.uk/vol1/fastq/ERR199/000/ERR1995200/ERR1995200_2.fastq.gz	Ceramic 3
ERR1995203	SAMEA4461982	ERX2055072	PRJEB15404	256318	metagenome	Illumina HiSeq 2500 paired end sequencing	ena-EXPERIMENT-TEXAS A&M CORPUS CHRISTI-31-05-2017-21:20:37:543-3	Plastic	PET	3	27.5441666666667	-97.2854722222222	ftp.sra.ebi.ac.uk/vol1/fastq/ERR199/003/ERR1995203/ERR1995203_1.fastq.gz;ftp.sra.ebi.ac.uk/vol1/fastq/ERR199/003/ERR1995203/ERR1995203_2.fastq.gz	PET 3
ERR1995204	SAMEA4461764	ERX2055073	PRJEB15404	256318	metagenome	Illumina HiSeq 2500 paired end sequencing	ena-EXPERIMENT-TEXAS A&M CORPUS CHRISTI-31-05-2017-21:30:12:556-1	Water	Seawater	1	27.5441666666667	-97.2854722222222	ftp.sra.ebi.ac.uk/vol1/fastq/ERR199/004/ERR1995204/ERR1995204_1.fastq.gz;ftp.sra.ebi.ac.uk/vol1/fastq/ERR199/004/ERR1995204/ERR1995204_2.fastq.gz	Seawater 1
ERR1995156	SAMEA4461983	ERX2055025	PRJEB15404	256318	metagenome	Illumina HiSeq 2500 paired end sequencing	ena-EXPERIMENT-TEXAS A&M CORPUS CHRISTI-31-05-2017-20:04:33:923-1	Plastic	PHA	1	27.5441666666667	-97.2854722222222	ftp.sra.ebi.ac.uk/vol1/fastq/ERR199/006/ERR1995156/ERR1995156_1.fastq.gz;ftp.sra.ebi.ac.uk/vol1/fastq/ERR199/006/ERR1995156/ERR1995156_2.fastq.gz	PHA 1
ERR1995198	SAMEA4461986	ERX2055067	PRJEB15404	256318	metagenome	Illumina HiSeq 2500 paired end sequencing	ena-EXPERIMENT-TEXAS A&M CORPUS CHRISTI-31-05-2017-21:12:14:300-1	Non-plastic	Ceramic	1	27.5441666666667	-97.2854722222222	ftp.sra.ebi.ac.uk/vol1/fastq/ERR199/008/ERR1995198/ERR1995198_1.fastq.gz;ftp.sra.ebi.ac.uk/vol1/fastq/ERR199/008/ERR1995198/ERR1995198_2.fastq.gz	Ceramic 1
ERR1995205	SAMEA4461978	ERX2055074	PRJEB15404	256318	metagenome	Illumina HiSeq 2500 paired end sequencing	ena-EXPERIMENT-TEXAS A&M CORPUS CHRISTI-31-05-2017-21:30:12:556-2	Water	Seawater	2	27.5441666666667	-97.2854722222222	ftp.sra.ebi.ac.uk/vol1/fastq/ERR199/005/ERR1995205/ERR1995205_1.fastq.gz;ftp.sra.ebi.ac.uk/vol1/fastq/ERR199/005/ERR1995205/ERR1995205_2.fastq.gz	Seawater 2
ERR3986765	SAMEA6617235	ERX3988792	PRJEB37023	256318	metagenome	Illumina HiSeq 2500 paired end sequencing: Raw reads: L1	webin-reads-L1	Non-plastic	Wood	1	54.146	11.843	ftp.sra.ebi.ac.uk/vol1/fastq/ERR398/005/ERR3986765/ERR3986765_1.fastq.gz;ftp.sra.ebi.ac.uk/vol1/fastq/ERR398/005/ERR3986765/ERR3986765_2.fastq.gz	Biofilms on wooden pellet
ERR3987193	SAMEA6617238	ERX3989118	PRJEB37023	256318	metagenome	Illumina HiSeq 2500 paired end sequencing: Raw reads: L5	webin-reads-L5	Non-plastic	Wood	5	54.097	12.151	ftp.sra.ebi.ac.uk/vol1/fastq/ERR398/003/ERR3987193/ERR3987193_1.fastq.gz;ftp.sra.ebi.ac.uk/vol1/fastq/ERR398/003/ERR3987193/ERR3987193_2.fastq.gz	Biofilms on wooden pellet
ERR3987232	SAMEA6617240	ERX3989143	PRJEB37023	256318	metagenome	Illumina HiSeq 2500 paired end sequencing: Raw reads: PE2	webin-reads-PE2	Plastic	PE	2	54.181	12.087	ftp.sra.ebi.ac.uk/vol1/fastq/ERR398/002/ERR3987232/ERR3987232_1.fastq.gz;ftp.sra.ebi.ac.uk/vol1/fastq/ERR398/002/ERR3987232/ERR3987232_2.fastq.gz	Biofilms on PE
ERR3987275	SAMEA6617243	ERX3989236	PRJEB37023	256318	metagenome	Illumina HiSeq 2500 paired end sequencing: Raw reads: PS1	webin-reads-PS1	Plastic	PS	1	54.146	11.843	ftp.sra.ebi.ac.uk/vol1/fastq/ERR398/005/ERR3987275/ERR3987275_1.fastq.gz;ftp.sra.ebi.ac.uk/vol1/fastq/ERR398/005/ERR3987275/ERR3987275_2.fastq.gz	Biofilms on PS
ERR3987276	SAMEA6617244	ERX3989276	PRJEB37023	256318	metagenome	Illumina HiSeq 2500 paired end sequencing: Raw reads: PS2	webin-reads-PS2	Plastic	PS	2	54.181	12.087	ftp.sra.ebi.ac.uk/vol1/fastq/ERR398/006/ERR3987276/ERR3987276_1.fastq.gz;ftp.sra.ebi.ac.uk/vol1/fastq/ERR398/006/ERR3987276/ERR3987276_2.fastq.gz	Biofilms on PS
ERR3987103	SAMEA6617237	ERX3989046	PRJEB37023	256318	metagenome	Illumina HiSeq 2500 paired end sequencing: Raw reads: L4	webin-reads-L4	Non-plastic	Wood	4	54.106	12.096	ftp.sra.ebi.ac.uk/vol1/fastq/ERR398/003/ERR3987103/ERR3987103_1.fastq.gz;ftp.sra.ebi.ac.uk/vol1/fastq/ERR398/003/ERR3987103/ERR3987103_2.fastq.gz	Biofilms on wooden pellet
ERR3987194	SAMEA6617239	ERX3989119	PRJEB37023	256318	metagenome	Illumina HiSeq 2500 paired end sequencing: Raw reads: PE1	webin-reads-PE1	Plastic	PE	1	54.146	11.843	ftp.sra.ebi.ac.uk/vol1/fastq/ERR398/004/ERR3987194/ERR3987194_1.fastq.gz;ftp.sra.ebi.ac.uk/vol1/fastq/ERR398/004/ERR3987194/ERR3987194_2.fastq.gz	Biofilms on PE
ERR3987274	SAMEA6617242	ERX3989219	PRJEB37023	256318	metagenome	Illumina HiSeq 2500 paired end sequencing: Raw reads: PE5	webin-reads-PE5	Plastic	PE	5	54.097	12.151	ftp.sra.ebi.ac.uk/vol1/fastq/ERR398/004/ERR3987274/ERR3987274_1.fastq.gz;ftp.sra.ebi.ac.uk/vol1/fastq/ERR398/004/ERR3987274/ERR3987274_2.fastq.gz	Biofilms on PE
ERR3987277	SAMEA6617245	ERX3989277	PRJEB37023	256318	metagenome	Illumina HiSeq 2500 paired end sequencing: Raw reads: PS4	webin-reads-PS4	Plastic	PS	4	54.106	12.096	ftp.sra.ebi.ac.uk/vol1/fastq/ERR398/007/ERR3987277/ERR3987277_1.fastq.gz;ftp.sra.ebi.ac.uk/vol1/fastq/ERR398/007/ERR3987277/ERR3987277_2.fastq.gz	Biofilms on PS
ERR3986938	SAMEA6617236	ERX3988965	PRJEB37023	256318	metagenome	Illumina HiSeq 2500 paired end sequencing: Raw reads: L2	webin-reads-L2	Non-plastic	Wood	2	54.181	12.087	ftp.sra.ebi.ac.uk/vol1/fastq/ERR398/008/ERR3986938/ERR3986938_1.fastq.gz;ftp.sra.ebi.ac.uk/vol1/fastq/ERR398/008/ERR3986938/ERR3986938_2.fastq.gz	Biofilms on wooden pellet
ERR3987233	SAMEA6617241	ERX3989144	PRJEB37023	256318	metagenome	Illumina HiSeq 2500 paired end sequencing: Raw reads: PE4	webin-reads-PE4	Plastic	PE	4	54.106	12.096	ftp.sra.ebi.ac.uk/vol1/fastq/ERR398/003/ERR3987233/ERR3987233_1.fastq.gz;ftp.sra.ebi.ac.uk/vol1/fastq/ERR398/003/ERR3987233/ERR3987233_2.fastq.gz	Biofilms on PE
ERR3987278	SAMEA6617246	ERX3989278	PRJEB37023	256318	metagenome	Illumina HiSeq 2500 paired end sequencing: Raw reads: PS5	webin-reads-PS5	Plastic	PS	5	54.097	12.151	ftp.sra.ebi.ac.uk/vol1/fastq/ERR398/008/ERR3987278/ERR3987278_1.fastq.gz;ftp.sra.ebi.ac.uk/vol1/fastq/ERR398/008/ERR3987278/ERR3987278_2.fastq.gz	Biofilms on PS
ERR4801149	SAMEA7532575	ERX4670870	PRJEB41132	408172	marine metagenome	Illumina HiSeq 2500 sequencing: qiita_ptid_9298:13282.10.PCL.A	13282.10.PCL.A	Plastic	PCL	A	-33.084	151.522	ftp.sra.ebi.ac.uk/vol1/fastq/ERR480/009/ERR4801149/ERR4801149_1.fastq.gz;ftp.sra.ebi.ac.uk/vol1/fastq/ERR480/009/ERR4801149/ERR4801149_2.fastq.gz	13282.10.PCL.A
ERR4801152	SAMEA7532578	ERX4670873	PRJEB41132	408172	marine metagenome	Illumina HiSeq 2500 sequencing: qiita_ptid_9298:13282.13.Wood.A	13282.13.Wood.A	Non-plastic	Wood	A	-33.084	151.522	ftp.sra.ebi.ac.uk/vol1/fastq/ERR480/002/ERR4801152/ERR4801152_1.fastq.gz;ftp.sra.ebi.ac.uk/vol1/fastq/ERR480/002/ERR4801152/ERR4801152_2.fastq.gz	13282.13.Wood.A
ERR4801155	SAMEA7532581	ERX4670876	PRJEB41132	408172	marine metagenome	Illumina HiSeq 2500 sequencing: qiita_ptid_9298:13282.16.Plank	13282.16.Plank	Water	Seawater	ABC	-33.075	151.548	ftp.sra.ebi.ac.uk/vol1/fastq/ERR480/005/ERR4801155/ERR4801155_1.fastq.gz;ftp.sra.ebi.ac.uk/vol1/fastq/ERR480/005/ERR4801155/ERR4801155_2.fastq.gz	13282.16.Plank
ERR4801158	SAMEA7532584	ERX4670879	PRJEB41132	408172	marine metagenome	Illumina HiSeq 2500 sequencing: qiita_ptid_9298:13282.4.PS.A	13282.4.PS.A	Plastic	PS	A	-33.084	151.522	ftp.sra.ebi.ac.uk/vol1/fastq/ERR480/008/ERR4801158/ERR4801158_1.fastq.gz;ftp.sra.ebi.ac.uk/vol1/fastq/ERR480/008/ERR4801158/ERR4801158_2.fastq.gz	13282.4.PS.A
ERR4801161	SAMEA7532587	ERX4670882	PRJEB41132	408172	marine metagenome	Illumina HiSeq 2500 sequencing: qiita_ptid_9298:13282.7.PVC.A	13282.7.PVC.A	Plastic	PVC	A	-33.084	151.522	ftp.sra.ebi.ac.uk/vol1/fastq/ERR480/001/ERR4801161/ERR4801161_1.fastq.gz;ftp.sra.ebi.ac.uk/vol1/fastq/ERR480/001/ERR4801161/ERR4801161_2.fastq.gz	13282.7.PVC.A
ERR4801163	SAMEA7532589	ERX4670884	PRJEB41132	408172	marine metagenome	Illumina HiSeq 2500 sequencing: qiita_ptid_9298:13282.9.PVC.C	13282.9.PVC.C	Plastic	PVC	C	-33.142	151.537	ftp.sra.ebi.ac.uk/vol1/fastq/ERR480/003/ERR4801163/ERR4801163_1.fastq.gz;ftp.sra.ebi.ac.uk/vol1/fastq/ERR480/003/ERR4801163/ERR4801163_2.fastq.gz	13282.9.PVC.C
ERR4801148	SAMEA7532574	ERX4670869	PRJEB41132	408172	marine metagenome	Illumina HiSeq 2500 sequencing: qiita_ptid_9298:13282.1.PP.A	13282.1.PP.A	Plastic	PP	A	-33.084	151.522	ftp.sra.ebi.ac.uk/vol1/fastq/ERR480/008/ERR4801148/ERR4801148_1.fastq.gz;ftp.sra.ebi.ac.uk/vol1/fastq/ERR480/008/ERR4801148/ERR4801148_2.fastq.gz	13282.1.PP.A
ERR4801150	SAMEA7532576	ERX4670871	PRJEB41132	408172	marine metagenome	Illumina HiSeq 2500 sequencing: qiita_ptid_9298:13282.11.PCL.B	13282.11.PCL.B	Plastic	PCL	B	-32.998	151.586	ftp.sra.ebi.ac.uk/vol1/fastq/ERR480/000/ERR4801150/ERR4801150_1.fastq.gz;ftp.sra.ebi.ac.uk/vol1/fastq/ERR480/000/ERR4801150/ERR4801150_2.fastq.gz	13282.11.PCL.B
ERR4801153	SAMEA7532579	ERX4670874	PRJEB41132	408172	marine metagenome	Illumina HiSeq 2500 sequencing: qiita_ptid_9298:13282.14.Wood.B	13282.14.Wood.B	Non-plastic	Wood	B	-32.998	151.586	ftp.sra.ebi.ac.uk/vol1/fastq/ERR480/003/ERR4801153/ERR4801153_1.fastq.gz;ftp.sra.ebi.ac.uk/vol1/fastq/ERR480/003/ERR4801153/ERR4801153_2.fastq.gz	13282.14.Wood.B
ERR4801154	SAMEA7532580	ERX4670875	PRJEB41132	408172	marine metagenome	Illumina HiSeq 2500 sequencing: qiita_ptid_9298:13282.15.Wood.C	13282.15.Wood.C	Non-plastic	Wood	C	-33.142	151.537	ftp.sra.ebi.ac.uk/vol1/fastq/ERR480/004/ERR4801154/ERR4801154_1.fastq.gz;ftp.sra.ebi.ac.uk/vol1/fastq/ERR480/004/ERR4801154/ERR4801154_2.fastq.gz	13282.15.Wood.C
ERR4801156	SAMEA7532582	ERX4670877	PRJEB41132	408172	marine metagenome	Illumina HiSeq 2500 sequencing: qiita_ptid_9298:13282.2.PP.B	13282.2.PP.B	Plastic	PP	B	-32.998	151.586	ftp.sra.ebi.ac.uk/vol1/fastq/ERR480/006/ERR4801156/ERR4801156_1.fastq.gz;ftp.sra.ebi.ac.uk/vol1/fastq/ERR480/006/ERR4801156/ERR4801156_2.fastq.gz	13282.2.PP.B
ERR4801151	SAMEA7532577	ERX4670872	PRJEB41132	408172	marine metagenome	Illumina HiSeq 2500 sequencing: qiita_ptid_9298:13282.12.PCL.C	13282.12.PCL.C	Plastic	PCL	C	-33.142	151.537	ftp.sra.ebi.ac.uk/vol1/fastq/ERR480/001/ERR4801151/ERR4801151_1.fastq.gz;ftp.sra.ebi.ac.uk/vol1/fastq/ERR480/001/ERR4801151/ERR4801151_2.fastq.gz	13282.12.PCL.C
ERR4801157	SAMEA7532583	ERX4670878	PRJEB41132	408172	marine metagenome	Illumina HiSeq 2500 sequencing: qiita_ptid_9298:13282.3.PP.C	13282.3.PP.C	Plastic	PP	C	-33.142	151.537	ftp.sra.ebi.ac.uk/vol1/fastq/ERR480/007/ERR4801157/ERR4801157_1.fastq.gz;ftp.sra.ebi.ac.uk/vol1/fastq/ERR480/007/ERR4801157/ERR4801157_2.fastq.gz	13282.3.PP.C
ERR4801159	SAMEA7532585	ERX4670880	PRJEB41132	408172	marine metagenome	Illumina HiSeq 2500 sequencing: qiita_ptid_9298:13282.5.PS.B	13282.5.PS.B	Plastic	PS	B	-32.998	151.586	ftp.sra.ebi.ac.uk/vol1/fastq/ERR480/009/ERR4801159/ERR4801159_1.fastq.gz;ftp.sra.ebi.ac.uk/vol1/fastq/ERR480/009/ERR4801159/ERR4801159_2.fastq.gz	13282.5.PS.B
ERR4801160	SAMEA7532586	ERX4670881	PRJEB41132	408172	marine metagenome	Illumina HiSeq 2500 sequencing: qiita_ptid_9298:13282.6.PS.C	13282.6.PS.C	Plastic	PS	C	-33.142	151.537	ftp.sra.ebi.ac.uk/vol1/fastq/ERR480/000/ERR4801160/ERR4801160_1.fastq.gz;ftp.sra.ebi.ac.uk/vol1/fastq/ERR480/000/ERR4801160/ERR4801160_2.fastq.gz	13282.6.PS.C
ERR4801162	SAMEA7532588	ERX4670883	PRJEB41132	408172	marine metagenome	Illumina HiSeq 2500 sequencing: qiita_ptid_9298:13282.8.PVC.B	13282.8.PVC.B	Plastic	PVC	B	-32.998	151.586	ftp.sra.ebi.ac.uk/vol1/fastq/ERR480/002/ERR4801162/ERR4801162_1.fastq.gz;ftp.sra.ebi.ac.uk/vol1/fastq/ERR480/002/ERR4801162/ERR4801162_2.fastq.gz	13282.8.PVC.B
ERR10466837	SAMEA111547624	ERX9988697	PRJEB52400	1342751	plastisphere metagenome	Illumina NovaSeq 6000 sequencing	W-LDPE_2	Plastic	LDPE	Downstream_1km_wastewater	52.354944	-1.51425	ftp.sra.ebi.ac.uk/vol1/fastq/ERR104/037/ERR10466837/ERR10466837_1.fastq.gz;ftp.sra.ebi.ac.uk/vol1/fastq/ERR104/037/ERR10466837/ERR10466837_2.fastq.gz	W-LDPE_2
ERR10466841	SAMEA111547628	ERX9988701	PRJEB52400	1342751	plastisphere metagenome	Illumina NovaSeq 6000 sequencing	LDPE_3	Plastic	LDPE	Downstream_1km_wastewater	52.354944	-1.51425	ftp.sra.ebi.ac.uk/vol1/fastq/ERR104/041/ERR10466841/ERR10466841_1.fastq.gz;ftp.sra.ebi.ac.uk/vol1/fastq/ERR104/041/ERR10466841/ERR10466841_2.fastq.gz	LDPE_3
ERR10466843	SAMEA111547630	ERX9988703	PRJEB52400	449393	freshwater metagenome	Illumina NovaSeq 6000 sequencing	Water_2	Water	Freshwater	Downstream_1km_wastewater	52.354944	-1.51425	ftp.sra.ebi.ac.uk/vol1/fastq/ERR104/043/ERR10466843/ERR10466843_1.fastq.gz;ftp.sra.ebi.ac.uk/vol1/fastq/ERR104/043/ERR10466843/ERR10466843_2.fastq.gz	Water_2
ERR10466838	SAMEA111547625	ERX9988698	PRJEB52400	1342751	plastisphere metagenome	Illumina NovaSeq 6000 sequencing	W-LDPE_3	Plastic	LDPE	Downstream_1km_wastewater	52.354944	-1.51425	ftp.sra.ebi.ac.uk/vol1/fastq/ERR104/038/ERR10466838/ERR10466838_1.fastq.gz;ftp.sra.ebi.ac.uk/vol1/fastq/ERR104/038/ERR10466838/ERR10466838_2.fastq.gz	W-LDPE_3
ERR10466842	SAMEA111547629	ERX9988702	PRJEB52400	449393	freshwater metagenome	Illumina NovaSeq 6000 sequencing	Water_1	Water	Freshwater	Downstream_1km_wastewater	52.354944	-1.51425	ftp.sra.ebi.ac.uk/vol1/fastq/ERR104/042/ERR10466842/ERR10466842_1.fastq.gz;ftp.sra.ebi.ac.uk/vol1/fastq/ERR104/042/ERR10466842/ERR10466842_2.fastq.gz	Water_1
ERR10466844	SAMEA111547631	ERX9988704	PRJEB52400	449393	freshwater metagenome	Illumina NovaSeq 6000 sequencing	Water_3	Water	Freshwater	Downstream_1km_wastewater	52.354944	-1.51425	ftp.sra.ebi.ac.uk/vol1/fastq/ERR104/044/ERR10466844/ERR10466844_1.fastq.gz;ftp.sra.ebi.ac.uk/vol1/fastq/ERR104/044/ERR10466844/ERR10466844_2.fastq.gz	Water_3
ERR10466833	SAMEA111547620	ERX9988693	PRJEB52400	718308	biofilm metagenome	Illumina NovaSeq 6000 sequencing	Wood_1	Non-plastic	Wood	Downstream_1km_wastewater	52.354944	-1.51425	ftp.sra.ebi.ac.uk/vol1/fastq/ERR104/033/ERR10466833/ERR10466833_1.fastq.gz;ftp.sra.ebi.ac.uk/vol1/fastq/ERR104/033/ERR10466833/ERR10466833_2.fastq.gz	Wood_1
ERR10466834	SAMEA111547621	ERX9988694	PRJEB52400	718308	biofilm metagenome	Illumina NovaSeq 6000 sequencing	Wood_2	Non-plastic	Wood	Downstream_1km_wastewater	52.354944	-1.51425	ftp.sra.ebi.ac.uk/vol1/fastq/ERR104/034/ERR10466834/ERR10466834_1.fastq.gz;ftp.sra.ebi.ac.uk/vol1/fastq/ERR104/034/ERR10466834/ERR10466834_2.fastq.gz	Wood_2
ERR10466835	SAMEA111547622	ERX9988695	PRJEB52400	718308	biofilm metagenome	Illumina NovaSeq 6000 sequencing	Wood_3	Non-plastic	Wood	Downstream_1km_wastewater	52.354944	-1.51425	ftp.sra.ebi.ac.uk/vol1/fastq/ERR104/035/ERR10466835/ERR10466835_1.fastq.gz;ftp.sra.ebi.ac.uk/vol1/fastq/ERR104/035/ERR10466835/ERR10466835_2.fastq.gz	Wood_3
ERR10466836	SAMEA111547623	ERX9988696	PRJEB52400	1342751	plastisphere metagenome	Illumina NovaSeq 6000 sequencing	W-LDPE_1	Plastic	LDPE	Downstream_1km_wastewater	52.354944	-1.51425	ftp.sra.ebi.ac.uk/vol1/fastq/ERR104/036/ERR10466836/ERR10466836_1.fastq.gz;ftp.sra.ebi.ac.uk/vol1/fastq/ERR104/036/ERR10466836/ERR10466836_2.fastq.gz	W-LDPE_1
ERR10466839	SAMEA111547626	ERX9988699	PRJEB52400	1342751	plastisphere metagenome	Illumina NovaSeq 6000 sequencing	LDPE_1	Plastic	LDPE	Downstream_1km_wastewater	52.354944	-1.51425	ftp.sra.ebi.ac.uk/vol1/fastq/ERR104/039/ERR10466839/ERR10466839_1.fastq.gz;ftp.sra.ebi.ac.uk/vol1/fastq/ERR104/039/ERR10466839/ERR10466839_2.fastq.gz	LDPE_1
ERR10466840	SAMEA111547627	ERX9988700	PRJEB52400	1342751	plastisphere metagenome	Illumina NovaSeq 6000 sequencing	LDPE_2	Plastic	LDPE	Downstream_1km_wastewater	52.354944	-1.51425	ftp.sra.ebi.ac.uk/vol1/fastq/ERR104/040/ERR10466840/ERR10466840_1.fastq.gz;ftp.sra.ebi.ac.uk/vol1/fastq/ERR104/040/ERR10466840/ERR10466840_2.fastq.gz	LDPE_2
SRR29811038	SAMN42397477	SRX25310312	PRJNA1134258	1342751	plastisphere metagenome	NextSeq 2000 sequencing: Metagenome of wastwater plastisphere: PLA_Top_2	PLA_Top_2	Plastic	PLA	Top_2	-43.532	172.721888888889	ftp.sra.ebi.ac.uk/vol1/fastq/SRR298/038/SRR29811038/SRR29811038_1.fastq.gz;ftp.sra.ebi.ac.uk/vol1/fastq/SRR298/038/SRR29811038/SRR29811038_2.fastq.gz	Metagenome or environmental sample from plastisphere metagenome
SRR29811039	SAMN42397550	SRX25310311	PRJNA1134258	1342751	plastisphere metagenome	NextSeq 2000 sequencing: Metagenome of wastwater plastisphere: Pondwater_N/A_52	Pondwater_N/A_52	Water	Wastewater	N/A_52	-43.532	172.721888888889	ftp.sra.ebi.ac.uk/vol1/fastq/SRR298/039/SRR29811039/SRR29811039_1.fastq.gz;ftp.sra.ebi.ac.uk/vol1/fastq/SRR298/039/SRR29811039/SRR29811039_2.fastq.gz	Metagenome or environmental sample from plastisphere metagenome
SRR29811040	SAMN42397549	SRX25310310	PRJNA1134258	1342751	plastisphere metagenome	NextSeq 2000 sequencing: Metagenome of wastwater plastisphere: Pondwater_N/A_52	Pondwater_N/A_52	Water	Wastewater	N/A_52	-43.532	172.721888888889	ftp.sra.ebi.ac.uk/vol1/fastq/SRR298/040/SRR29811040/SRR29811040_1.fastq.gz;ftp.sra.ebi.ac.uk/vol1/fastq/SRR298/040/SRR29811040/SRR29811040_2.fastq.gz	Metagenome or environmental sample from plastisphere metagenome
SRR29811041	SAMN42397548	SRX25310309	PRJNA1134258	1342751	plastisphere metagenome	NextSeq 2000 sequencing: Metagenome of wastwater plastisphere: Pondwater_N/A_52	Pondwater_N/A_52	Water	Wastewater	N/A_52	-43.532	172.721888888889	ftp.sra.ebi.ac.uk/vol1/fastq/SRR298/041/SRR29811041/SRR29811041_1.fastq.gz;ftp.sra.ebi.ac.uk/vol1/fastq/SRR298/041/SRR29811041/SRR29811041_2.fastq.gz	Metagenome or environmental sample from plastisphere metagenome
SRR29811042	SAMN42397476	SRX25310308	PRJNA1134258	1342751	plastisphere metagenome	NextSeq 2000 sequencing: Metagenome of wastwater plastisphere: PET_Bottom_2	PET_Bottom_2	Plastic	PET	Bottom_2	-43.532	172.721888888889	ftp.sra.ebi.ac.uk/vol1/fastq/SRR298/042/SRR29811042/SRR29811042_1.fastq.gz;ftp.sra.ebi.ac.uk/vol1/fastq/SRR298/042/SRR29811042/SRR29811042_2.fastq.gz	Metagenome or environmental sample from plastisphere metagenome
SRR29811043	SAMN42397547	SRX25310307	PRJNA1134258	1342751	plastisphere metagenome	NextSeq 2000 sequencing: Metagenome of wastwater plastisphere: Glass_Bottom_52	Glass_Bottom_52	Non-plastic	Glass	Bottom_52	-43.532	172.721888888889	ftp.sra.ebi.ac.uk/vol1/fastq/SRR298/043/SRR29811043/SRR29811043_1.fastq.gz;ftp.sra.ebi.ac.uk/vol1/fastq/SRR298/043/SRR29811043/SRR29811043_2.fastq.gz	Metagenome or environmental sample from plastisphere metagenome
SRR29811044	SAMN42397546	SRX25310306	PRJNA1134258	1342751	plastisphere metagenome	NextSeq 2000 sequencing: Metagenome of wastwater plastisphere: Glass_Middle_52	Glass_Middle_52	Non-plastic	Glass	Middle_52	-43.532	172.721888888889	ftp.sra.ebi.ac.uk/vol1/fastq/SRR298/044/SRR29811044/SRR29811044_1.fastq.gz;ftp.sra.ebi.ac.uk/vol1/fastq/SRR298/044/SRR29811044/SRR29811044_2.fastq.gz	Metagenome or environmental sample from plastisphere metagenome
SRR29811045	SAMN42397545	SRX25310305	PRJNA1134258	1342751	plastisphere metagenome	NextSeq 2000 sequencing: Metagenome of wastwater plastisphere: OXO_Bottom_52	OXO_Bottom_52	Plastic	OXO	Bottom_52	-43.532	172.721888888889	ftp.sra.ebi.ac.uk/vol1/fastq/SRR298/045/SRR29811045/SRR29811045_1.fastq.gz;ftp.sra.ebi.ac.uk/vol1/fastq/SRR298/045/SRR29811045/SRR29811045_2.fastq.gz	Metagenome or environmental sample from plastisphere metagenome
SRR29811050	SAMN42397518	SRX25310300	PRJNA1134258	1342751	plastisphere metagenome	NextSeq 2000 sequencing: Metagenome of wastwater plastisphere: PET_Bottom_26	PET_Bottom_26	Plastic	PET	Bottom_26	-43.532	172.721888888889	ftp.sra.ebi.ac.uk/vol1/fastq/SRR298/050/SRR29811050/SRR29811050_1.fastq.gz;ftp.sra.ebi.ac.uk/vol1/fastq/SRR298/050/SRR29811050/SRR29811050_2.fastq.gz	Metagenome or environmental sample from plastisphere metagenome
SRR29811055	SAMN42397514	SRX25310295	PRJNA1134258	1342751	plastisphere metagenome	NextSeq 2000 sequencing: Metagenome of wastwater plastisphere: PA_Middle_26	PA_Middle_26	Plastic	PA	Middle_26	-43.532	172.721888888889	ftp.sra.ebi.ac.uk/vol1/fastq/SRR298/055/SRR29811055/SRR29811055_1.fastq.gz;ftp.sra.ebi.ac.uk/vol1/fastq/SRR298/055/SRR29811055/SRR29811055_2.fastq.gz	Metagenome or environmental sample from plastisphere metagenome
SRR29811056	SAMN42397513	SRX25310294	PRJNA1134258	1342751	plastisphere metagenome	NextSeq 2000 sequencing: Metagenome of wastwater plastisphere: PA_Top_26	PA_Top_26	Plastic	PA	Top_26	-43.532	172.721888888889	ftp.sra.ebi.ac.uk/vol1/fastq/SRR298/056/SRR29811056/SRR29811056_1.fastq.gz;ftp.sra.ebi.ac.uk/vol1/fastq/SRR298/056/SRR29811056/SRR29811056_2.fastq.gz	Metagenome or environmental sample from plastisphere metagenome
SRR29811058	SAMN42397511	SRX25310292	PRJNA1134258	1342751	plastisphere metagenome	NextSeq 2000 sequencing: Metagenome of wastwater plastisphere: LLDPE_Middle_26	LLDPE_Middle_26	Plastic	LLDPE	Middle_26	-43.532	172.721888888889	ftp.sra.ebi.ac.uk/vol1/fastq/SRR298/058/SRR29811058/SRR29811058_1.fastq.gz;ftp.sra.ebi.ac.uk/vol1/fastq/SRR298/058/SRR29811058/SRR29811058_2.fastq.gz	Metagenome or environmental sample from plastisphere metagenome
SRR29811060	SAMN42397509	SRX25310290	PRJNA1134258	1342751	plastisphere metagenome	NextSeq 2000 sequencing: Metagenome of wastwater plastisphere: Pondwater_N/A_6	Pondwater_N/A_6	Water	Wastewater	N/A_6	-43.532	172.721888888889	ftp.sra.ebi.ac.uk/vol1/fastq/SRR298/060/SRR29811060/SRR29811060_1.fastq.gz;ftp.sra.ebi.ac.uk/vol1/fastq/SRR298/060/SRR29811060/SRR29811060_2.fastq.gz	Metagenome or environmental sample from plastisphere metagenome
SRR29811063	SAMN42397507	SRX25310287	PRJNA1134258	1342751	plastisphere metagenome	NextSeq 2000 sequencing: Metagenome of wastwater plastisphere: Pondwater_N/A_6	Pondwater_N/A_6	Water	Wastewater	N/A_6	-43.532	172.721888888889	ftp.sra.ebi.ac.uk/vol1/fastq/SRR298/063/SRR29811063/SRR29811063_1.fastq.gz;ftp.sra.ebi.ac.uk/vol1/fastq/SRR298/063/SRR29811063/SRR29811063_2.fastq.gz	Metagenome or environmental sample from plastisphere metagenome
SRR29811064	SAMN42397506	SRX25310286	PRJNA1134258	1342751	plastisphere metagenome	NextSeq 2000 sequencing: Metagenome of wastwater plastisphere: Glass_Bottom_6	Glass_Bottom_6	Non-plastic	Glass	Bottom_6	-43.532	172.721888888889	ftp.sra.ebi.ac.uk/vol1/fastq/SRR298/064/SRR29811064/SRR29811064_1.fastq.gz;ftp.sra.ebi.ac.uk/vol1/fastq/SRR298/064/SRR29811064/SRR29811064_2.fastq.gz	Metagenome or environmental sample from plastisphere metagenome
SRR29811068	SAMN42397502	SRX25310282	PRJNA1134258	1342751	plastisphere metagenome	NextSeq 2000 sequencing: Metagenome of wastwater plastisphere: OXO_Middle_6	OXO_Middle_6	Plastic	OXO	Middle_6	-43.532	172.721888888889	ftp.sra.ebi.ac.uk/vol1/fastq/SRR298/068/SRR29811068/SRR29811068_1.fastq.gz;ftp.sra.ebi.ac.uk/vol1/fastq/SRR298/068/SRR29811068/SRR29811068_2.fastq.gz	Metagenome or environmental sample from plastisphere metagenome
SRR29811072	SAMN42397498	SRX25310278	PRJNA1134258	1342751	plastisphere metagenome	NextSeq 2000 sequencing: Metagenome of wastwater plastisphere: PLA_Top_6	PLA_Top_6	Plastic	PLA	Top_6	-43.532	172.721888888889	ftp.sra.ebi.ac.uk/vol1/fastq/SRR298/072/SRR29811072/SRR29811072_1.fastq.gz;ftp.sra.ebi.ac.uk/vol1/fastq/SRR298/072/SRR29811072/SRR29811072_2.fastq.gz	Metagenome or environmental sample from plastisphere metagenome
SRR29811074	SAMN42397497	SRX25310276	PRJNA1134258	1342751	plastisphere metagenome	NextSeq 2000 sequencing: Metagenome of wastwater plastisphere: PET_Bottom_6	PET_Bottom_6	Plastic	PET	Bottom_6	-43.532	172.721888888889	ftp.sra.ebi.ac.uk/vol1/fastq/SRR298/074/SRR29811074/SRR29811074_1.fastq.gz;ftp.sra.ebi.ac.uk/vol1/fastq/SRR298/074/SRR29811074/SRR29811074_2.fastq.gz	Metagenome or environmental sample from plastisphere metagenome
SRR29811076	SAMN42397495	SRX25310274	PRJNA1134258	1342751	plastisphere metagenome	NextSeq 2000 sequencing: Metagenome of wastwater plastisphere: PET_Top_6	PET_Top_6	Plastic	PET	Top_6	-43.532	172.721888888889	ftp.sra.ebi.ac.uk/vol1/fastq/SRR298/076/SRR29811076/SRR29811076_1.fastq.gz;ftp.sra.ebi.ac.uk/vol1/fastq/SRR298/076/SRR29811076/SRR29811076_2.fastq.gz	Metagenome or environmental sample from plastisphere metagenome
SRR29811081	SAMN42397490	SRX25310269	PRJNA1134258	1342751	plastisphere metagenome	NextSeq 2000 sequencing: Metagenome of wastwater plastisphere: LLDPE_Middle_6	LLDPE_Middle_6	Plastic	LLDPE	Middle_6	-43.532	172.721888888889	ftp.sra.ebi.ac.uk/vol1/fastq/SRR298/081/SRR29811081/SRR29811081_1.fastq.gz;ftp.sra.ebi.ac.uk/vol1/fastq/SRR298/081/SRR29811081/SRR29811081_2.fastq.gz	Metagenome or environmental sample from plastisphere metagenome
SRR29811084	SAMN42397470	SRX25310266	PRJNA1134258	1342751	plastisphere metagenome	NextSeq 2000 sequencing: Metagenome of wastwater plastisphere: LLDPE_Bottom_2	LLDPE_Bottom_2	Plastic	LLDPE	Bottom_2	-43.532	172.721888888889	ftp.sra.ebi.ac.uk/vol1/fastq/SRR298/084/SRR29811084/SRR29811084_1.fastq.gz;ftp.sra.ebi.ac.uk/vol1/fastq/SRR298/084/SRR29811084/SRR29811084_2.fastq.gz	Metagenome or environmental sample from plastisphere metagenome
SRR29811090	SAMN42397482	SRX25310260	PRJNA1134258	1342751	plastisphere metagenome	NextSeq 2000 sequencing: Metagenome of wastwater plastisphere: OXO_Bottom_2	OXO_Bottom_2	Plastic	OXO	Bottom_2	-43.532	172.721888888889	ftp.sra.ebi.ac.uk/vol1/fastq/SRR298/090/SRR29811090/SRR29811090_1.fastq.gz;ftp.sra.ebi.ac.uk/vol1/fastq/SRR298/090/SRR29811090/SRR29811090_2.fastq.gz	Metagenome or environmental sample from plastisphere metagenome
SRR29811094	SAMN42397544	SRX25310256	PRJNA1134258	1342751	plastisphere metagenome	NextSeq 2000 sequencing: Metagenome of wastwater plastisphere: OXO_Middle_52	OXO_Middle_52	Plastic	OXO	Middle_52	-43.532	172.721888888889	ftp.sra.ebi.ac.uk/vol1/fastq/SRR298/094/SRR29811094/SRR29811094_1.fastq.gz;ftp.sra.ebi.ac.uk/vol1/fastq/SRR298/094/SRR29811094/SRR29811094_2.fastq.gz	Metagenome or environmental sample from plastisphere metagenome
SRR29811098	SAMN42397540	SRX25310252	PRJNA1134258	1342751	plastisphere metagenome	NextSeq 2000 sequencing: Metagenome of wastwater plastisphere: PLA_Top_52	PLA_Top_52	Plastic	PLA	Top_52	-43.532	172.721888888889	ftp.sra.ebi.ac.uk/vol1/fastq/SRR298/098/SRR29811098/SRR29811098_1.fastq.gz;ftp.sra.ebi.ac.uk/vol1/fastq/SRR298/098/SRR29811098/SRR29811098_2.fastq.gz	Metagenome or environmental sample from plastisphere metagenome
SRR29811099	SAMN42397539	SRX25310251	PRJNA1134258	1342751	plastisphere metagenome	NextSeq 2000 sequencing: Metagenome of wastwater plastisphere: PET_Bottom_52	PET_Bottom_52	Plastic	PET	Bottom_52	-43.532	172.721888888889	ftp.sra.ebi.ac.uk/vol1/fastq/SRR298/099/SRR29811099/SRR29811099_1.fastq.gz;ftp.sra.ebi.ac.uk/vol1/fastq/SRR298/099/SRR29811099/SRR29811099_2.fastq.gz	Metagenome or environmental sample from plastisphere metagenome
SRR29811101	SAMN42397475	SRX25310249	PRJNA1134258	1342751	plastisphere metagenome	NextSeq 2000 sequencing: Metagenome of wastwater plastisphere: PET_Middle_2	PET_Middle_2	Plastic	PET	Middle_2	-43.532	172.721888888889	ftp.sra.ebi.ac.uk/vol1/fastq/SRR298/001/SRR29811101/SRR29811101_1.fastq.gz;ftp.sra.ebi.ac.uk/vol1/fastq/SRR298/001/SRR29811101/SRR29811101_2.fastq.gz	Metagenome or environmental sample from plastisphere metagenome
SRR29811102	SAMN42397537	SRX25310248	PRJNA1134258	1342751	plastisphere metagenome	NextSeq 2000 sequencing: Metagenome of wastwater plastisphere: PET_Top_52	PET_Top_52	Plastic	PET	Top_52	-43.532	172.721888888889	ftp.sra.ebi.ac.uk/vol1/fastq/SRR298/002/SRR29811102/SRR29811102_1.fastq.gz;ftp.sra.ebi.ac.uk/vol1/fastq/SRR298/002/SRR29811102/SRR29811102_2.fastq.gz	Metagenome or environmental sample from plastisphere metagenome
SRR29811103	SAMN42397536	SRX25310247	PRJNA1134258	1342751	plastisphere metagenome	NextSeq 2000 sequencing: Metagenome of wastwater plastisphere: PA_Bottom_52	PA_Bottom_52	Plastic	PA	Bottom_52	-43.532	172.721888888889	ftp.sra.ebi.ac.uk/vol1/fastq/SRR298/003/SRR29811103/SRR29811103_1.fastq.gz;ftp.sra.ebi.ac.uk/vol1/fastq/SRR298/003/SRR29811103/SRR29811103_2.fastq.gz	Metagenome or environmental sample from plastisphere metagenome
SRR29811107	SAMN42397532	SRX25310243	PRJNA1134258	1342751	plastisphere metagenome	NextSeq 2000 sequencing: Metagenome of wastwater plastisphere: LLDPE_Middle_52	LLDPE_Middle_52	Plastic	LLDPE	Middle_52	-43.532	172.721888888889	ftp.sra.ebi.ac.uk/vol1/fastq/SRR298/007/SRR29811107/SRR29811107_1.fastq.gz;ftp.sra.ebi.ac.uk/vol1/fastq/SRR298/007/SRR29811107/SRR29811107_2.fastq.gz	Metagenome or environmental sample from plastisphere metagenome
SRR29811110	SAMN42397529	SRX25310240	PRJNA1134258	1342751	plastisphere metagenome	NextSeq 2000 sequencing: Metagenome of wastwater plastisphere: Pondwater_N/A_26	Pondwater_N/A_26	Water	Wastewater	N/A_26	-43.532	172.721888888889	ftp.sra.ebi.ac.uk/vol1/fastq/SRR298/010/SRR29811110/SRR29811110_1.fastq.gz;ftp.sra.ebi.ac.uk/vol1/fastq/SRR298/010/SRR29811110/SRR29811110_2.fastq.gz	Metagenome or environmental sample from plastisphere metagenome
SRR29811111	SAMN42397528	SRX25310239	PRJNA1134258	1342751	plastisphere metagenome	NextSeq 2000 sequencing: Metagenome of wastwater plastisphere: Pondwater_N/A_26	Pondwater_N/A_26	Water	Wastewater	N/A_26	-43.532	172.721888888889	ftp.sra.ebi.ac.uk/vol1/fastq/SRR298/011/SRR29811111/SRR29811111_1.fastq.gz;ftp.sra.ebi.ac.uk/vol1/fastq/SRR298/011/SRR29811111/SRR29811111_2.fastq.gz	Metagenome or environmental sample from plastisphere metagenome
SRR29811112	SAMN42397474	SRX25310238	PRJNA1134258	1342751	plastisphere metagenome	NextSeq 2000 sequencing: Metagenome of wastwater plastisphere: PET_Top_2	PET_Top_2	Plastic	PET	Top_2	-43.532	172.721888888889	ftp.sra.ebi.ac.uk/vol1/fastq/SRR298/012/SRR29811112/SRR29811112_1.fastq.gz;ftp.sra.ebi.ac.uk/vol1/fastq/SRR298/012/SRR29811112/SRR29811112_2.fastq.gz	Metagenome or environmental sample from plastisphere metagenome
SRR29811119	SAMN42397469	SRX25310231	PRJNA1134258	1342751	plastisphere metagenome	NextSeq 2000 sequencing: Metagenome of wastwater plastisphere: LLDPE_Middle_2	LLDPE_Middle_2	Plastic	LLDPE	Middle_2	-43.532	172.721888888889	ftp.sra.ebi.ac.uk/vol1/fastq/SRR298/019/SRR29811119/SRR29811119_1.fastq.gz;ftp.sra.ebi.ac.uk/vol1/fastq/SRR298/019/SRR29811119/SRR29811119_2.fastq.gz	Metagenome or environmental sample from plastisphere metagenome
SRR29811120	SAMN42397468	SRX25310230	PRJNA1134258	1342751	plastisphere metagenome	NextSeq 2000 sequencing: Metagenome of wastwater plastisphere: LLDPE_Top_2	LLDPE_Top_2	Plastic	LLDPE	Top_2	-43.532	172.721888888889	ftp.sra.ebi.ac.uk/vol1/fastq/SRR298/020/SRR29811120/SRR29811120_1.fastq.gz;ftp.sra.ebi.ac.uk/vol1/fastq/SRR298/020/SRR29811120/SRR29811120_2.fastq.gz	Metagenome or environmental sample from plastisphere metagenome
SRR29811048	SAMN42397520	SRX25310302	PRJNA1134258	1342751	plastisphere metagenome	NextSeq 2000 sequencing: Metagenome of wastwater plastisphere: PLA_Middle_26	PLA_Middle_26	Plastic	PLA	Middle_26	-43.532	172.721888888889	ftp.sra.ebi.ac.uk/vol1/fastq/SRR298/048/SRR29811048/SRR29811048_1.fastq.gz;ftp.sra.ebi.ac.uk/vol1/fastq/SRR298/048/SRR29811048/SRR29811048_2.fastq.gz	Metagenome or environmental sample from plastisphere metagenome
SRR29811051	SAMN42397473	SRX25310299	PRJNA1134258	1342751	plastisphere metagenome	NextSeq 2000 sequencing: Metagenome of wastwater plastisphere: PA_Bottom_2	PA_Bottom_2	Plastic	PA	Bottom_2	-43.532	172.721888888889	ftp.sra.ebi.ac.uk/vol1/fastq/SRR298/051/SRR29811051/SRR29811051_1.fastq.gz;ftp.sra.ebi.ac.uk/vol1/fastq/SRR298/051/SRR29811051/SRR29811051_2.fastq.gz	Metagenome or environmental sample from plastisphere metagenome
SRR29811054	SAMN42397515	SRX25310296	PRJNA1134258	1342751	plastisphere metagenome	NextSeq 2000 sequencing: Metagenome of wastwater plastisphere: PA_Bottom_26	PA_Bottom_26	Plastic	PA	Bottom_26	-43.532	172.721888888889	ftp.sra.ebi.ac.uk/vol1/fastq/SRR298/054/SRR29811054/SRR29811054_1.fastq.gz;ftp.sra.ebi.ac.uk/vol1/fastq/SRR298/054/SRR29811054/SRR29811054_2.fastq.gz	Metagenome or environmental sample from plastisphere metagenome
SRR29811059	SAMN42397510	SRX25310291	PRJNA1134258	1342751	plastisphere metagenome	NextSeq 2000 sequencing: Metagenome of wastwater plastisphere: LLDPE_Top_26	LLDPE_Top_26	Plastic	LLDPE	Top_26	-43.532	172.721888888889	ftp.sra.ebi.ac.uk/vol1/fastq/SRR298/059/SRR29811059/SRR29811059_1.fastq.gz;ftp.sra.ebi.ac.uk/vol1/fastq/SRR298/059/SRR29811059/SRR29811059_2.fastq.gz	Metagenome or environmental sample from plastisphere metagenome
SRR29811061	SAMN42397508	SRX25310289	PRJNA1134258	1342751	plastisphere metagenome	NextSeq 2000 sequencing: Metagenome of wastwater plastisphere: Pondwater_N/A_6	Pondwater_N/A_6	Water	Wastewater	N/A_6	-43.532	172.721888888889	ftp.sra.ebi.ac.uk/vol1/fastq/SRR298/061/SRR29811061/SRR29811061_1.fastq.gz;ftp.sra.ebi.ac.uk/vol1/fastq/SRR298/061/SRR29811061/SRR29811061_2.fastq.gz	Metagenome or environmental sample from plastisphere metagenome
SRR29811065	SAMN42397505	SRX25310285	PRJNA1134258	1342751	plastisphere metagenome	NextSeq 2000 sequencing: Metagenome of wastwater plastisphere: Glass_Middle_6	Glass_Middle_6	Non-plastic	Glass	Middle_6	-43.532	172.721888888889	ftp.sra.ebi.ac.uk/vol1/fastq/SRR298/065/SRR29811065/SRR29811065_1.fastq.gz;ftp.sra.ebi.ac.uk/vol1/fastq/SRR298/065/SRR29811065/SRR29811065_2.fastq.gz	Metagenome or environmental sample from plastisphere metagenome
SRR29811066	SAMN42397504	SRX25310284	PRJNA1134258	1342751	plastisphere metagenome	NextSeq 2000 sequencing: Metagenome of wastwater plastisphere: Glass_Top_6	Glass_Top_6	Non-plastic	Glass	Top_6	-43.532	172.721888888889	ftp.sra.ebi.ac.uk/vol1/fastq/SRR298/066/SRR29811066/SRR29811066_1.fastq.gz;ftp.sra.ebi.ac.uk/vol1/fastq/SRR298/066/SRR29811066/SRR29811066_2.fastq.gz	Metagenome or environmental sample from plastisphere metagenome
SRR29811067	SAMN42397503	SRX25310283	PRJNA1134258	1342751	plastisphere metagenome	NextSeq 2000 sequencing: Metagenome of wastwater plastisphere: OXO_Bottom_6	OXO_Bottom_6	Plastic	OXO	Bottom_6	-43.532	172.721888888889	ftp.sra.ebi.ac.uk/vol1/fastq/SRR298/067/SRR29811067/SRR29811067_1.fastq.gz;ftp.sra.ebi.ac.uk/vol1/fastq/SRR298/067/SRR29811067/SRR29811067_2.fastq.gz	Metagenome or environmental sample from plastisphere metagenome
SRR29811069	SAMN42397501	SRX25310281	PRJNA1134258	1342751	plastisphere metagenome	NextSeq 2000 sequencing: Metagenome of wastwater plastisphere: OXO_Top_6	OXO_Top_6	Plastic	OXO	Top_6	-43.532	172.721888888889	ftp.sra.ebi.ac.uk/vol1/fastq/SRR298/069/SRR29811069/SRR29811069_1.fastq.gz;ftp.sra.ebi.ac.uk/vol1/fastq/SRR298/069/SRR29811069/SRR29811069_2.fastq.gz	Metagenome or environmental sample from plastisphere metagenome
SRR29811071	SAMN42397499	SRX25310279	PRJNA1134258	1342751	plastisphere metagenome	NextSeq 2000 sequencing: Metagenome of wastwater plastisphere: PLA_Middle_6	PLA_Middle_6	Plastic	PLA	Middle_6	-43.532	172.721888888889	ftp.sra.ebi.ac.uk/vol1/fastq/SRR298/071/SRR29811071/SRR29811071_1.fastq.gz;ftp.sra.ebi.ac.uk/vol1/fastq/SRR298/071/SRR29811071/SRR29811071_2.fastq.gz	Metagenome or environmental sample from plastisphere metagenome
SRR29811079	SAMN42397492	SRX25310271	PRJNA1134258	1342751	plastisphere metagenome	NextSeq 2000 sequencing: Metagenome of wastwater plastisphere: PA_Top_6	PA_Top_6	Plastic	PA	Top_6	-43.532	172.721888888889	ftp.sra.ebi.ac.uk/vol1/fastq/SRR298/079/SRR29811079/SRR29811079_1.fastq.gz;ftp.sra.ebi.ac.uk/vol1/fastq/SRR298/079/SRR29811079/SRR29811079_2.fastq.gz	Metagenome or environmental sample from plastisphere metagenome
SRR29811080	SAMN42397491	SRX25310270	PRJNA1134258	1342751	plastisphere metagenome	NextSeq 2000 sequencing: Metagenome of wastwater plastisphere: LLDPE_Bottom_6	LLDPE_Bottom_6	Plastic	LLDPE	Bottom_6	-43.532	172.721888888889	ftp.sra.ebi.ac.uk/vol1/fastq/SRR298/080/SRR29811080/SRR29811080_1.fastq.gz;ftp.sra.ebi.ac.uk/vol1/fastq/SRR298/080/SRR29811080/SRR29811080_2.fastq.gz	Metagenome or environmental sample from plastisphere metagenome
SRR29811083	SAMN42397488	SRX25310267	PRJNA1134258	1342751	plastisphere metagenome	NextSeq 2000 sequencing: Metagenome of wastwater plastisphere: Pondwater_N/A_2	Pondwater_N/A_2	Water	Wastewater	N/A_2	-43.532	172.721888888889	ftp.sra.ebi.ac.uk/vol1/fastq/SRR298/083/SRR29811083/SRR29811083_1.fastq.gz;ftp.sra.ebi.ac.uk/vol1/fastq/SRR298/083/SRR29811083/SRR29811083_2.fastq.gz	Metagenome or environmental sample from plastisphere metagenome
SRR29811088	SAMN42397484	SRX25310262	PRJNA1134258	1342751	plastisphere metagenome	NextSeq 2000 sequencing: Metagenome of wastwater plastisphere: Glass_Middle_2	Glass_Middle_2	Non-plastic	Glass	Middle_2	-43.532	172.721888888889	ftp.sra.ebi.ac.uk/vol1/fastq/SRR298/088/SRR29811088/SRR29811088_1.fastq.gz;ftp.sra.ebi.ac.uk/vol1/fastq/SRR298/088/SRR29811088/SRR29811088_2.fastq.gz	Metagenome or environmental sample from plastisphere metagenome
SRR29811089	SAMN42397483	SRX25310261	PRJNA1134258	1342751	plastisphere metagenome	NextSeq 2000 sequencing: Metagenome of wastwater plastisphere: Glass_Top_2	Glass_Top_2	Non-plastic	Glass	Top_2	-43.532	172.721888888889	ftp.sra.ebi.ac.uk/vol1/fastq/SRR298/089/SRR29811089/SRR29811089_1.fastq.gz;ftp.sra.ebi.ac.uk/vol1/fastq/SRR298/089/SRR29811089/SRR29811089_2.fastq.gz	Metagenome or environmental sample from plastisphere metagenome
SRR29811091	SAMN42397481	SRX25310259	PRJNA1134258	1342751	plastisphere metagenome	NextSeq 2000 sequencing: Metagenome of wastwater plastisphere: OXO_Middle_2	OXO_Middle_2	Plastic	OXO	Middle_2	-43.532	172.721888888889	ftp.sra.ebi.ac.uk/vol1/fastq/SRR298/091/SRR29811091/SRR29811091_1.fastq.gz;ftp.sra.ebi.ac.uk/vol1/fastq/SRR298/091/SRR29811091/SRR29811091_2.fastq.gz	Metagenome or environmental sample from plastisphere metagenome
SRR29811093	SAMN42397479	SRX25310257	PRJNA1134258	1342751	plastisphere metagenome	NextSeq 2000 sequencing: Metagenome of wastwater plastisphere: PLA_Bottom_2	PLA_Bottom_2	Plastic	PLA	Bottom_2	-43.532	172.721888888889	ftp.sra.ebi.ac.uk/vol1/fastq/SRR298/093/SRR29811093/SRR29811093_1.fastq.gz;ftp.sra.ebi.ac.uk/vol1/fastq/SRR298/093/SRR29811093/SRR29811093_2.fastq.gz	Metagenome or environmental sample from plastisphere metagenome
SRR29811100	SAMN42397538	SRX25310250	PRJNA1134258	1342751	plastisphere metagenome	NextSeq 2000 sequencing: Metagenome of wastwater plastisphere: PET_Middle_52	PET_Middle_52	Plastic	PET	Middle_52	-43.532	172.721888888889	ftp.sra.ebi.ac.uk/vol1/fastq/SRR298/000/SRR29811100/SRR29811100_1.fastq.gz;ftp.sra.ebi.ac.uk/vol1/fastq/SRR298/000/SRR29811100/SRR29811100_2.fastq.gz	Metagenome or environmental sample from plastisphere metagenome
SRR29811104	SAMN42397535	SRX25310246	PRJNA1134258	1342751	plastisphere metagenome	NextSeq 2000 sequencing: Metagenome of wastwater plastisphere: PA_Middle_52	PA_Middle_52	Plastic	PA	Middle_52	-43.532	172.721888888889	ftp.sra.ebi.ac.uk/vol1/fastq/SRR298/004/SRR29811104/SRR29811104_1.fastq.gz;ftp.sra.ebi.ac.uk/vol1/fastq/SRR298/004/SRR29811104/SRR29811104_2.fastq.gz	Metagenome or environmental sample from plastisphere metagenome
SRR29811106	SAMN42397533	SRX25310244	PRJNA1134258	1342751	plastisphere metagenome	NextSeq 2000 sequencing: Metagenome of wastwater plastisphere: LLDPE_Bottom_52	LLDPE_Bottom_52	Plastic	LLDPE	Bottom_52	-43.532	172.721888888889	ftp.sra.ebi.ac.uk/vol1/fastq/SRR298/006/SRR29811106/SRR29811106_1.fastq.gz;ftp.sra.ebi.ac.uk/vol1/fastq/SRR298/006/SRR29811106/SRR29811106_2.fastq.gz	Metagenome or environmental sample from plastisphere metagenome
SRR29811109	SAMN42397530	SRX25310241	PRJNA1134258	1342751	plastisphere metagenome	NextSeq 2000 sequencing: Metagenome of wastwater plastisphere: Pondwater_N/A_26	Pondwater_N/A_26	Water	Wastewater	N/A_26	-43.532	172.721888888889	ftp.sra.ebi.ac.uk/vol1/fastq/SRR298/009/SRR29811109/SRR29811109_1.fastq.gz;ftp.sra.ebi.ac.uk/vol1/fastq/SRR298/009/SRR29811109/SRR29811109_2.fastq.gz	Metagenome or environmental sample from plastisphere metagenome
SRR29811114	SAMN42397526	SRX25310236	PRJNA1134258	1342751	plastisphere metagenome	NextSeq 2000 sequencing: Metagenome of wastwater plastisphere: Glass_Middle_26	Glass_Middle_26	Non-plastic	Glass	Middle_26	-43.532	172.721888888889	ftp.sra.ebi.ac.uk/vol1/fastq/SRR298/014/SRR29811114/SRR29811114_1.fastq.gz;ftp.sra.ebi.ac.uk/vol1/fastq/SRR298/014/SRR29811114/SRR29811114_2.fastq.gz	Metagenome or environmental sample from plastisphere metagenome
SRR29811116	SAMN42397524	SRX25310234	PRJNA1134258	1342751	plastisphere metagenome	NextSeq 2000 sequencing: Metagenome of wastwater plastisphere: OXO_Bottom_26	OXO_Bottom_26	Plastic	OXO	Bottom_26	-43.532	172.721888888889	ftp.sra.ebi.ac.uk/vol1/fastq/SRR298/016/SRR29811116/SRR29811116_1.fastq.gz;ftp.sra.ebi.ac.uk/vol1/fastq/SRR298/016/SRR29811116/SRR29811116_2.fastq.gz	Metagenome or environmental sample from plastisphere metagenome
SRR29811117	SAMN42397523	SRX25310233	PRJNA1134258	1342751	plastisphere metagenome	NextSeq 2000 sequencing: Metagenome of wastwater plastisphere: OXO_Middle_26	OXO_Middle_26	Plastic	OXO	Middle_26	-43.532	172.721888888889	ftp.sra.ebi.ac.uk/vol1/fastq/SRR298/017/SRR29811117/SRR29811117_1.fastq.gz;ftp.sra.ebi.ac.uk/vol1/fastq/SRR298/017/SRR29811117/SRR29811117_2.fastq.gz	Metagenome or environmental sample from plastisphere metagenome
SRR29811118	SAMN42397478	SRX25310232	PRJNA1134258	1342751	plastisphere metagenome	NextSeq 2000 sequencing: Metagenome of wastwater plastisphere: PLA_Middle_2	PLA_Middle_2	Plastic	PLA	Middle_2	-43.532	172.721888888889	ftp.sra.ebi.ac.uk/vol1/fastq/SRR298/018/SRR29811118/SRR29811118_1.fastq.gz;ftp.sra.ebi.ac.uk/vol1/fastq/SRR298/018/SRR29811118/SRR29811118_2.fastq.gz	Metagenome or environmental sample from plastisphere metagenome
SRR29811046	SAMN42397522	SRX25310304	PRJNA1134258	1342751	plastisphere metagenome	NextSeq 2000 sequencing: Metagenome of wastwater plastisphere: OXO_Top_26	OXO_Top_26	Plastic	OXO	Top_26	-43.532	172.721888888889	ftp.sra.ebi.ac.uk/vol1/fastq/SRR298/046/SRR29811046/SRR29811046_1.fastq.gz;ftp.sra.ebi.ac.uk/vol1/fastq/SRR298/046/SRR29811046/SRR29811046_2.fastq.gz	Metagenome or environmental sample from plastisphere metagenome
SRR29811047	SAMN42397521	SRX25310303	PRJNA1134258	1342751	plastisphere metagenome	NextSeq 2000 sequencing: Metagenome of wastwater plastisphere: PLA_Bottom_26	PLA_Bottom_26	Plastic	PLA	Bottom_26	-43.532	172.721888888889	ftp.sra.ebi.ac.uk/vol1/fastq/SRR298/047/SRR29811047/SRR29811047_1.fastq.gz;ftp.sra.ebi.ac.uk/vol1/fastq/SRR298/047/SRR29811047/SRR29811047_2.fastq.gz	Metagenome or environmental sample from plastisphere metagenome
SRR29811049	SAMN42397519	SRX25310301	PRJNA1134258	1342751	plastisphere metagenome	NextSeq 2000 sequencing: Metagenome of wastwater plastisphere: PLA_Top_26	PLA_Top_26	Plastic	PLA	Top_26	-43.532	172.721888888889	ftp.sra.ebi.ac.uk/vol1/fastq/SRR298/049/SRR29811049/SRR29811049_1.fastq.gz;ftp.sra.ebi.ac.uk/vol1/fastq/SRR298/049/SRR29811049/SRR29811049_2.fastq.gz	Metagenome or environmental sample from plastisphere metagenome
SRR29811052	SAMN42397517	SRX25310298	PRJNA1134258	1342751	plastisphere metagenome	NextSeq 2000 sequencing: Metagenome of wastwater plastisphere: PET_Middle_26	PET_Middle_26	Plastic	PET	Middle_26	-43.532	172.721888888889	ftp.sra.ebi.ac.uk/vol1/fastq/SRR298/052/SRR29811052/SRR29811052_1.fastq.gz;ftp.sra.ebi.ac.uk/vol1/fastq/SRR298/052/SRR29811052/SRR29811052_2.fastq.gz	Metagenome or environmental sample from plastisphere metagenome
SRR29811053	SAMN42397516	SRX25310297	PRJNA1134258	1342751	plastisphere metagenome	NextSeq 2000 sequencing: Metagenome of wastwater plastisphere: PET_Top_26	PET_Top_26	Plastic	PET	Top_26	-43.532	172.721888888889	ftp.sra.ebi.ac.uk/vol1/fastq/SRR298/053/SRR29811053/SRR29811053_1.fastq.gz;ftp.sra.ebi.ac.uk/vol1/fastq/SRR298/053/SRR29811053/SRR29811053_2.fastq.gz	Metagenome or environmental sample from plastisphere metagenome
SRR29811057	SAMN42397512	SRX25310293	PRJNA1134258	1342751	plastisphere metagenome	NextSeq 2000 sequencing: Metagenome of wastwater plastisphere: LLDPE_Bottom_26	LLDPE_Bottom_26	Plastic	LLDPE	Bottom_26	-43.532	172.721888888889	ftp.sra.ebi.ac.uk/vol1/fastq/SRR298/057/SRR29811057/SRR29811057_1.fastq.gz;ftp.sra.ebi.ac.uk/vol1/fastq/SRR298/057/SRR29811057/SRR29811057_2.fastq.gz	Metagenome or environmental sample from plastisphere metagenome
SRR29811062	SAMN42397472	SRX25310288	PRJNA1134258	1342751	plastisphere metagenome	NextSeq 2000 sequencing: Metagenome of wastwater plastisphere: PA_Middle_2	PA_Middle_2	Plastic	PA	Middle_2	-43.532	172.721888888889	ftp.sra.ebi.ac.uk/vol1/fastq/SRR298/062/SRR29811062/SRR29811062_1.fastq.gz;ftp.sra.ebi.ac.uk/vol1/fastq/SRR298/062/SRR29811062/SRR29811062_2.fastq.gz	Metagenome or environmental sample from plastisphere metagenome
SRR29811070	SAMN42397500	SRX25310280	PRJNA1134258	1342751	plastisphere metagenome	NextSeq 2000 sequencing: Metagenome of wastwater plastisphere: PLA_Bottom_6	PLA_Bottom_6	Plastic	PLA	Bottom_6	-43.532	172.721888888889	ftp.sra.ebi.ac.uk/vol1/fastq/SRR298/070/SRR29811070/SRR29811070_1.fastq.gz;ftp.sra.ebi.ac.uk/vol1/fastq/SRR298/070/SRR29811070/SRR29811070_2.fastq.gz	Metagenome or environmental sample from plastisphere metagenome
SRR29811073	SAMN42397471	SRX25310277	PRJNA1134258	1342751	plastisphere metagenome	NextSeq 2000 sequencing: Metagenome of wastwater plastisphere: PA_Top_2	PA_Top_2	Plastic	PA	Top_2	-43.532	172.721888888889	ftp.sra.ebi.ac.uk/vol1/fastq/SRR298/073/SRR29811073/SRR29811073_1.fastq.gz;ftp.sra.ebi.ac.uk/vol1/fastq/SRR298/073/SRR29811073/SRR29811073_2.fastq.gz	Metagenome or environmental sample from plastisphere metagenome
SRR29811075	SAMN42397496	SRX25310275	PRJNA1134258	1342751	plastisphere metagenome	NextSeq 2000 sequencing: Metagenome of wastwater plastisphere: PET_Middle_6	PET_Middle_6	Plastic	PET	Middle_6	-43.532	172.721888888889	ftp.sra.ebi.ac.uk/vol1/fastq/SRR298/075/SRR29811075/SRR29811075_1.fastq.gz;ftp.sra.ebi.ac.uk/vol1/fastq/SRR298/075/SRR29811075/SRR29811075_2.fastq.gz	Metagenome or environmental sample from plastisphere metagenome
SRR29811077	SAMN42397494	SRX25310273	PRJNA1134258	1342751	plastisphere metagenome	NextSeq 2000 sequencing: Metagenome of wastwater plastisphere: PA_Bottom_6	PA_Bottom_6	Plastic	PA	Bottom_6	-43.532	172.721888888889	ftp.sra.ebi.ac.uk/vol1/fastq/SRR298/077/SRR29811077/SRR29811077_1.fastq.gz;ftp.sra.ebi.ac.uk/vol1/fastq/SRR298/077/SRR29811077/SRR29811077_2.fastq.gz	Metagenome or environmental sample from plastisphere metagenome
SRR29811078	SAMN42397493	SRX25310272	PRJNA1134258	1342751	plastisphere metagenome	NextSeq 2000 sequencing: Metagenome of wastwater plastisphere: PA_Middle_6	PA_Middle_6	Plastic	PA	Middle_6	-43.532	172.721888888889	ftp.sra.ebi.ac.uk/vol1/fastq/SRR298/078/SRR29811078/SRR29811078_1.fastq.gz;ftp.sra.ebi.ac.uk/vol1/fastq/SRR298/078/SRR29811078/SRR29811078_2.fastq.gz	Metagenome or environmental sample from plastisphere metagenome
SRR29811082	SAMN42397489	SRX25310268	PRJNA1134258	1342751	plastisphere metagenome	NextSeq 2000 sequencing: Metagenome of wastwater plastisphere: LLDPE_Top_6	LLDPE_Top_6	Plastic	LLDPE	Top_6	-43.532	172.721888888889	ftp.sra.ebi.ac.uk/vol1/fastq/SRR298/082/SRR29811082/SRR29811082_1.fastq.gz;ftp.sra.ebi.ac.uk/vol1/fastq/SRR298/082/SRR29811082/SRR29811082_2.fastq.gz	Metagenome or environmental sample from plastisphere metagenome
SRR29811085	SAMN42397487	SRX25310265	PRJNA1134258	1342751	plastisphere metagenome	NextSeq 2000 sequencing: Metagenome of wastwater plastisphere: Pondwater_N/A_2	Pondwater_N/A_2	Water	Wastewater	N/A_2	-43.532	172.721888888889	ftp.sra.ebi.ac.uk/vol1/fastq/SRR298/085/SRR29811085/SRR29811085_1.fastq.gz;ftp.sra.ebi.ac.uk/vol1/fastq/SRR298/085/SRR29811085/SRR29811085_2.fastq.gz	Metagenome or environmental sample from plastisphere metagenome
SRR29811086	SAMN42397486	SRX25310264	PRJNA1134258	1342751	plastisphere metagenome	NextSeq 2000 sequencing: Metagenome of wastwater plastisphere: Pondwater_N/A_2	Pondwater_N/A_2	Water	Wastewater	N/A_2	-43.532	172.721888888889	ftp.sra.ebi.ac.uk/vol1/fastq/SRR298/086/SRR29811086/SRR29811086_1.fastq.gz;ftp.sra.ebi.ac.uk/vol1/fastq/SRR298/086/SRR29811086/SRR29811086_2.fastq.gz	Metagenome or environmental sample from plastisphere metagenome
SRR29811087	SAMN42397485	SRX25310263	PRJNA1134258	1342751	plastisphere metagenome	NextSeq 2000 sequencing: Metagenome of wastwater plastisphere: Glass_Bottom_2	Glass_Bottom_2	Non-plastic	Glass	Bottom_2	-43.532	172.721888888889	ftp.sra.ebi.ac.uk/vol1/fastq/SRR298/087/SRR29811087/SRR29811087_1.fastq.gz;ftp.sra.ebi.ac.uk/vol1/fastq/SRR298/087/SRR29811087/SRR29811087_2.fastq.gz	Metagenome or environmental sample from plastisphere metagenome
SRR29811092	SAMN42397480	SRX25310258	PRJNA1134258	1342751	plastisphere metagenome	NextSeq 2000 sequencing: Metagenome of wastwater plastisphere: OXO_Top_2	OXO_Top_2	Plastic	OXO	Top_2	-43.532	172.721888888889	ftp.sra.ebi.ac.uk/vol1/fastq/SRR298/092/SRR29811092/SRR29811092_1.fastq.gz;ftp.sra.ebi.ac.uk/vol1/fastq/SRR298/092/SRR29811092/SRR29811092_2.fastq.gz	Metagenome or environmental sample from plastisphere metagenome
SRR29811095	SAMN42397543	SRX25310255	PRJNA1134258	1342751	plastisphere metagenome	NextSeq 2000 sequencing: Metagenome of wastwater plastisphere: OXO_Top_52	OXO_Top_52	Plastic	OXO	Top_52	-43.532	172.721888888889	ftp.sra.ebi.ac.uk/vol1/fastq/SRR298/095/SRR29811095/SRR29811095_1.fastq.gz;ftp.sra.ebi.ac.uk/vol1/fastq/SRR298/095/SRR29811095/SRR29811095_2.fastq.gz	Metagenome or environmental sample from plastisphere metagenome
SRR29811096	SAMN42397542	SRX25310254	PRJNA1134258	1342751	plastisphere metagenome	NextSeq 2000 sequencing: Metagenome of wastwater plastisphere: PLA_Bottom_52	PLA_Bottom_52	Plastic	PLA	Bottom_52	-43.532	172.721888888889	ftp.sra.ebi.ac.uk/vol1/fastq/SRR298/096/SRR29811096/SRR29811096_1.fastq.gz;ftp.sra.ebi.ac.uk/vol1/fastq/SRR298/096/SRR29811096/SRR29811096_2.fastq.gz	Metagenome or environmental sample from plastisphere metagenome
SRR29811097	SAMN42397541	SRX25310253	PRJNA1134258	1342751	plastisphere metagenome	NextSeq 2000 sequencing: Metagenome of wastwater plastisphere: PLA_Middle_52	PLA_Middle_52	Plastic	PLA	Middle_52	-43.532	172.721888888889	ftp.sra.ebi.ac.uk/vol1/fastq/SRR298/097/SRR29811097/SRR29811097_1.fastq.gz;ftp.sra.ebi.ac.uk/vol1/fastq/SRR298/097/SRR29811097/SRR29811097_2.fastq.gz	Metagenome or environmental sample from plastisphere metagenome
SRR29811105	SAMN42397534	SRX25310245	PRJNA1134258	1342751	plastisphere metagenome	NextSeq 2000 sequencing: Metagenome of wastwater plastisphere: PA_Top_52	PA_Top_52	Plastic	PA	Top_52	-43.532	172.721888888889	ftp.sra.ebi.ac.uk/vol1/fastq/SRR298/005/SRR29811105/SRR29811105_1.fastq.gz;ftp.sra.ebi.ac.uk/vol1/fastq/SRR298/005/SRR29811105/SRR29811105_2.fastq.gz	Metagenome or environmental sample from plastisphere metagenome
SRR29811108	SAMN42397531	SRX25310242	PRJNA1134258	1342751	plastisphere metagenome	NextSeq 2000 sequencing: Metagenome of wastwater plastisphere: LLDPE_Top_52	LLDPE_Top_52	Plastic	LLDPE	Top_52	-43.532	172.721888888889	ftp.sra.ebi.ac.uk/vol1/fastq/SRR298/008/SRR29811108/SRR29811108_1.fastq.gz;ftp.sra.ebi.ac.uk/vol1/fastq/SRR298/008/SRR29811108/SRR29811108_2.fastq.gz	Metagenome or environmental sample from plastisphere metagenome
SRR29811113	SAMN42397527	SRX25310237	PRJNA1134258	1342751	plastisphere metagenome	NextSeq 2000 sequencing: Metagenome of wastwater plastisphere: Glass_Bottom_26	Glass_Bottom_26	Non-plastic	Glass	Bottom_26	-43.532	172.721888888889	ftp.sra.ebi.ac.uk/vol1/fastq/SRR298/013/SRR29811113/SRR29811113_1.fastq.gz;ftp.sra.ebi.ac.uk/vol1/fastq/SRR298/013/SRR29811113/SRR29811113_2.fastq.gz	Metagenome or environmental sample from plastisphere metagenome
SRR29811115	SAMN42397525	SRX25310235	PRJNA1134258	1342751	plastisphere metagenome	NextSeq 2000 sequencing: Metagenome of wastwater plastisphere: Glass_Top_26	Glass_Top_26	Non-plastic	Glass	Top_26	-43.532	172.721888888889	ftp.sra.ebi.ac.uk/vol1/fastq/SRR298/015/SRR29811115/SRR29811115_1.fastq.gz;ftp.sra.ebi.ac.uk/vol1/fastq/SRR298/015/SRR29811115/SRR29811115_2.fastq.gz	Metagenome or environmental sample from plastisphere metagenome
SRR3401469	SAMN04849235	SRX1712578	PRJNA318384	408172	marine metagenome	Illumina MiSeq sequencing: Metagenome from marine plastic debris: Sample Station: STN-2 Sample: 2b	2b_MiSeq	Plastic	Undefined plastic	2	27.7299166666667	-154.898283333333	ftp.sra.ebi.ac.uk/vol1/fastq/SRR340/009/SRR3401469/SRR3401469_1.fastq.gz;ftp.sra.ebi.ac.uk/vol1/fastq/SRR340/009/SRR3401469/SRR3401469_2.fastq.gz	Metagenome from marine plastic debris
SRR3401471	SAMN04849738	SRX1712580	PRJNA318384	408172	marine metagenome	Illumina MiSeq sequencing: Metagenome from marine plastic debris: Sample Station: STN-5 Sample: 5a	5a_MiSeq	Plastic	Undefined plastic	5	31.9908333333333	-153.057533333333	ftp.sra.ebi.ac.uk/vol1/fastq/SRR340/001/SRR3401471/SRR3401471_1.fastq.gz;ftp.sra.ebi.ac.uk/vol1/fastq/SRR340/001/SRR3401471/SRR3401471_2.fastq.gz	Metagenome from marine plastic debris
SRR3401472	SAMN04849739	SRX1712581	PRJNA318384	408172	marine metagenome	Illumina MiSeq sequencing: Metagenome from marine plastic debris: Sample Station: STN-5 Sample: 5b	5b_MiSeq	Plastic	Undefined plastic	5	31.9908333333333	-153.057533333333	ftp.sra.ebi.ac.uk/vol1/fastq/SRR340/002/SRR3401472/SRR3401472_1.fastq.gz;ftp.sra.ebi.ac.uk/vol1/fastq/SRR340/002/SRR3401472/SRR3401472_2.fastq.gz	Metagenome from marine plastic debris
SRR3401474	SAMN04849741	SRX1712583	PRJNA318384	408172	marine metagenome	Illumina MiSeq sequencing: Metagenome from marine plastic debris: Sample Station: STN-9 Sample: 9b	9b_MiSeq	Plastic	Undefined plastic	9	34.9279166666667	-148.0302	ftp.sra.ebi.ac.uk/vol1/fastq/SRR340/004/SRR3401474/SRR3401474_1.fastq.gz;ftp.sra.ebi.ac.uk/vol1/fastq/SRR340/004/SRR3401474/SRR3401474_2.fastq.gz	Metagenome from marine plastic debris
SRR3401477	SAMN04849744	SRX1712586	PRJNA318384	408172	marine metagenome	Illumina MiSeq sequencing: Metagenome from marine plastic debris: Sample Station: STN-14 Sample: 14a	14a_MiSeq	Plastic	Undefined plastic	14	35.4229333333333	-139.250266666667	ftp.sra.ebi.ac.uk/vol1/fastq/SRR340/007/SRR3401477/SRR3401477_1.fastq.gz;ftp.sra.ebi.ac.uk/vol1/fastq/SRR340/007/SRR3401477/SRR3401477_2.fastq.gz	Metagenome from marine plastic debris
SRR3401478	SAMN04849745	SRX1712587	PRJNA318384	408172	marine metagenome	Illumina MiSeq sequencing: Metagenome from marine plastic debris: Sample Station: STN-14 Sample: 14b	14b_MiSeq	Plastic	Undefined plastic	14	35.4229333333333	-139.250266666667	ftp.sra.ebi.ac.uk/vol1/fastq/SRR340/008/SRR3401478/SRR3401478_1.fastq.gz;ftp.sra.ebi.ac.uk/vol1/fastq/SRR340/008/SRR3401478/SRR3401478_2.fastq.gz	Metagenome from marine plastic debris
SRR3401480	SAMN04849749	SRX1712589	PRJNA318384	408172	marine metagenome	Illumina MiSeq sequencing: Metagenome from marine plastic debris: Sample Station: STN-15 Sample: 15b	15b_MiSeq	Plastic	Undefined plastic	15	35.43885	-138.26435	ftp.sra.ebi.ac.uk/vol1/fastq/SRR340/000/SRR3401480/SRR3401480_1.fastq.gz;ftp.sra.ebi.ac.uk/vol1/fastq/SRR340/000/SRR3401480/SRR3401480_2.fastq.gz	Metagenome from marine plastic debris
SRR3401483	SAMN04849738	SRX1712592	PRJNA318384	408172	marine metagenome	NextSeq 500 sequencing: Metagenome from marine plastic debris: Sample Station: STN-5 Sample: 5a	5a_NextSeq500	Plastic	Undefined plastic	5	31.9908333333333	-153.057533333333	ftp.sra.ebi.ac.uk/vol1/fastq/SRR340/003/SRR3401483/SRR3401483_1.fastq.gz;ftp.sra.ebi.ac.uk/vol1/fastq/SRR340/003/SRR3401483/SRR3401483_2.fastq.gz	Metagenome from marine plastic debris
SRR3401490	SAMN04849745	SRX1712599	PRJNA318384	408172	marine metagenome	NextSeq 500 sequencing: Metagenome from marine plastic debris: Sample Station: STN-14 Sample: 14b	14b_NextSeq500	Plastic	Undefined plastic	14	35.4229333333333	-139.250266666667	ftp.sra.ebi.ac.uk/vol1/fastq/SRR340/000/SRR3401490/SRR3401490_1.fastq.gz;ftp.sra.ebi.ac.uk/vol1/fastq/SRR340/000/SRR3401490/SRR3401490_2.fastq.gz	Metagenome from marine plastic debris
SRR3401492	SAMN04849749	SRX1712601	PRJNA318384	408172	marine metagenome	NextSeq 500 sequencing: Metagenome from marine plastic debris: Sample Station: STN-15 Sample: 15b	15b_NextSeq500	Plastic	Undefined plastic	15	35.43885	-138.26435	ftp.sra.ebi.ac.uk/vol1/fastq/SRR340/002/SRR3401492/SRR3401492_1.fastq.gz;ftp.sra.ebi.ac.uk/vol1/fastq/SRR340/002/SRR3401492/SRR3401492_2.fastq.gz	Metagenome from marine plastic debris
SRR3401481	SAMN04849235	SRX1712590	PRJNA318384	408172	marine metagenome	NextSeq 500 sequencing: Metagenome from marine plastic debris: Sample Station: STN-2 Sample: 2b	2b_NextSeq500	Plastic	Undefined plastic	2	27.7299166666667	-154.898283333333	ftp.sra.ebi.ac.uk/vol1/fastq/SRR340/001/SRR3401481/SRR3401481_1.fastq.gz;ftp.sra.ebi.ac.uk/vol1/fastq/SRR340/001/SRR3401481/SRR3401481_2.fastq.gz	Metagenome from marine plastic debris
SRR3401486	SAMN04849741	SRX1712595	PRJNA318384	408172	marine metagenome	NextSeq 500 sequencing: Metagenome from marine plastic debris: Sample Station: STN-9 Sample: 9b	9b_NextSeq500	Plastic	Undefined plastic	9	34.9279166666667	-148.0302	ftp.sra.ebi.ac.uk/vol1/fastq/SRR340/006/SRR3401486/SRR3401486_1.fastq.gz;ftp.sra.ebi.ac.uk/vol1/fastq/SRR340/006/SRR3401486/SRR3401486_2.fastq.gz	Metagenome from marine plastic debris
SRR3401470	SAMN04849236	SRX1712579	PRJNA318384	408172	marine metagenome	Illumina MiSeq sequencing: Metagenome from marine plastic debris: Sample Station: STN-2 Sample: 2a	2a_MiSeq	Plastic	Undefined plastic	2	27.7299166666667	-154.898283333333	ftp.sra.ebi.ac.uk/vol1/fastq/SRR340/000/SRR3401470/SRR3401470_1.fastq.gz;ftp.sra.ebi.ac.uk/vol1/fastq/SRR340/000/SRR3401470/SRR3401470_2.fastq.gz	Metagenome from marine plastic debris
SRR3401487	SAMN04849742	SRX1712596	PRJNA318384	408172	marine metagenome	NextSeq 500 sequencing: Metagenome from marine plastic debris: Sample Station: STN-11 Sample: 11a	11a_NextSeq500	Plastic	Undefined plastic	11	35.0344333333333	-146.810433333333	ftp.sra.ebi.ac.uk/vol1/fastq/SRR340/007/SRR3401487/SRR3401487_1.fastq.gz;ftp.sra.ebi.ac.uk/vol1/fastq/SRR340/007/SRR3401487/SRR3401487_2.fastq.gz	Metagenome from marine plastic debris
SRR3401473	SAMN04849740	SRX1712582	PRJNA318384	408172	marine metagenome	Illumina MiSeq sequencing: Metagenome from marine plastic debris: Sample Station: STN-9 Sample: 9a	9a_MiSeq	Plastic	Undefined plastic	9	34.9279166666667	-148.0302	ftp.sra.ebi.ac.uk/vol1/fastq/SRR340/003/SRR3401473/SRR3401473_1.fastq.gz;ftp.sra.ebi.ac.uk/vol1/fastq/SRR340/003/SRR3401473/SRR3401473_2.fastq.gz	Metagenome from marine plastic debris
SRR3401475	SAMN04849742	SRX1712584	PRJNA318384	408172	marine metagenome	Illumina MiSeq sequencing: Metagenome from marine plastic debris: Sample Station: STN-11 Sample: 11a	11a_MiSeq	Plastic	Undefined plastic	11	35.0344333333333	-146.810433333333	ftp.sra.ebi.ac.uk/vol1/fastq/SRR340/005/SRR3401475/SRR3401475_1.fastq.gz;ftp.sra.ebi.ac.uk/vol1/fastq/SRR340/005/SRR3401475/SRR3401475_2.fastq.gz	Metagenome from marine plastic debris
SRR3401488	SAMN04849743	SRX1712597	PRJNA318384	408172	marine metagenome	NextSeq 500 sequencing: Metagenome from marine plastic debris: Sample Station: STN-11 Sample: 11b	11b_NextSeq500	Plastic	Undefined plastic	11	35.0344333333333	-146.810433333333	ftp.sra.ebi.ac.uk/vol1/fastq/SRR340/008/SRR3401488/SRR3401488_1.fastq.gz;ftp.sra.ebi.ac.uk/vol1/fastq/SRR340/008/SRR3401488/SRR3401488_2.fastq.gz	Metagenome from marine plastic debris
SRR3401476	SAMN04849743	SRX1712585	PRJNA318384	408172	marine metagenome	Illumina MiSeq sequencing: Metagenome from marine plastic debris: Sample Station: STN-11 Sample: 11b	11b_MiSeq	Plastic	Undefined plastic	11	35.0344333333333	-146.810433333333	ftp.sra.ebi.ac.uk/vol1/fastq/SRR340/006/SRR3401476/SRR3401476_1.fastq.gz;ftp.sra.ebi.ac.uk/vol1/fastq/SRR340/006/SRR3401476/SRR3401476_2.fastq.gz	Metagenome from marine plastic debris
SRR3401489	SAMN04849744	SRX1712598	PRJNA318384	408172	marine metagenome	NextSeq 500 sequencing: Metagenome from marine plastic debris: Sample Station: STN-14 Sample: 14a	14a_NextSeq500	Plastic	Undefined plastic	14	35.4229333333333	-139.250266666667	ftp.sra.ebi.ac.uk/vol1/fastq/SRR340/009/SRR3401489/SRR3401489_1.fastq.gz;ftp.sra.ebi.ac.uk/vol1/fastq/SRR340/009/SRR3401489/SRR3401489_2.fastq.gz	Metagenome from marine plastic debris
SRR3401491	SAMN04849747	SRX1712600	PRJNA318384	408172	marine metagenome	NextSeq 500 sequencing: Metagenome from marine plastic debris: Sample Station: STN-15 Sample: 15a	15a_NextSeq500	Plastic	Undefined plastic	15	35.43885	-138.26435	ftp.sra.ebi.ac.uk/vol1/fastq/SRR340/001/SRR3401491/SRR3401491_1.fastq.gz;ftp.sra.ebi.ac.uk/vol1/fastq/SRR340/001/SRR3401491/SRR3401491_2.fastq.gz	Metagenome from marine plastic debris
SRR3401479	SAMN04849747	SRX1712588	PRJNA318384	408172	marine metagenome	Illumina MiSeq sequencing: Metagenome from marine plastic debris: Sample Station: STN-15 Sample: 15a	15a_MiSeq	Plastic	Undefined plastic	15	35.43885	-138.26435	ftp.sra.ebi.ac.uk/vol1/fastq/SRR340/009/SRR3401479/SRR3401479_1.fastq.gz;ftp.sra.ebi.ac.uk/vol1/fastq/SRR340/009/SRR3401479/SRR3401479_2.fastq.gz	Metagenome from marine plastic debris
SRR3401482	SAMN04849236	SRX1712591	PRJNA318384	408172	marine metagenome	NextSeq 500 sequencing: Metagenome from marine plastic debris: Sample Station: STN-2 Sample: 2a	2a_NextSeq500	Plastic	Undefined plastic	2	27.7299166666667	-154.898283333333	ftp.sra.ebi.ac.uk/vol1/fastq/SRR340/002/SRR3401482/SRR3401482_1.fastq.gz;ftp.sra.ebi.ac.uk/vol1/fastq/SRR340/002/SRR3401482/SRR3401482_2.fastq.gz	Metagenome from marine plastic debris
SRR3401484	SAMN04849739	SRX1712593	PRJNA318384	408172	marine metagenome	NextSeq 500 sequencing: Metagenome from marine plastic debris: Sample Station: STN-5 Sample: 5b	5b_NextSeq500	Plastic	Undefined plastic	5	31.9908333333333	-153.057533333333	ftp.sra.ebi.ac.uk/vol1/fastq/SRR340/004/SRR3401484/SRR3401484_1.fastq.gz;ftp.sra.ebi.ac.uk/vol1/fastq/SRR340/004/SRR3401484/SRR3401484_2.fastq.gz	Metagenome from marine plastic debris
SRR3401485	SAMN04849740	SRX1712594	PRJNA318384	408172	marine metagenome	NextSeq 500 sequencing: Metagenome from marine plastic debris: Sample Station: STN-9 Sample: 9a	9a_NextSeq500	Plastic	Undefined plastic	9	34.9279166666667	-148.0302	ftp.sra.ebi.ac.uk/vol1/fastq/SRR340/005/SRR3401485/SRR3401485_1.fastq.gz;ftp.sra.ebi.ac.uk/vol1/fastq/SRR340/005/SRR3401485/SRR3401485_2.fastq.gz	Metagenome from marine plastic debris
SRR8369860	SAMN10644139	SRX5180002	PRJNA511822	256318	metagenome	Illumina HiSeq 2000 sequencing: river water	L4	Water	Freshwater	L4	39.08	117.262	ftp.sra.ebi.ac.uk/vol1/fastq/SRR836/000/SRR8369860/SRR8369860_1.fastq.gz;ftp.sra.ebi.ac.uk/vol1/fastq/SRR836/000/SRR8369860/SRR8369860_2.fastq.gz	river water
SRR8369862	SAMN10644137	SRX5180000	PRJNA511822	256318	metagenome	Illumina HiSeq 2000 sequencing: microplastic	L2	Plastic	PVC	L2	39.08	117.262	ftp.sra.ebi.ac.uk/vol1/fastq/SRR836/002/SRR8369862/SRR8369862_1.fastq.gz;ftp.sra.ebi.ac.uk/vol1/fastq/SRR836/002/SRR8369862/SRR8369862_2.fastq.gz	microplastic
SRR8369863	SAMN10644136	SRX5179999	PRJNA511822	256318	metagenome	Illumina HiSeq 2000 sequencing: rock	L1	Non-plastic	Rock	L1	39.08	117.262	ftp.sra.ebi.ac.uk/vol1/fastq/SRR836/003/SRR8369863/SRR8369863_1.fastq.gz;ftp.sra.ebi.ac.uk/vol1/fastq/SRR836/003/SRR8369863/SRR8369863_2.fastq.gz	rock
SRR8369861	SAMN10644138	SRX5180001	PRJNA511822	256318	metagenome	Illumina HiSeq 2000 sequencing: leaf	L3	Non-plastic	Leaf	L3	39.08	117.262	ftp.sra.ebi.ac.uk/vol1/fastq/SRR836/001/SRR8369861/SRR8369861_1.fastq.gz;ftp.sra.ebi.ac.uk/vol1/fastq/SRR836/001/SRR8369861/SRR8369861_2.fastq.gz	leaf
SRR8369859	SAMN10644140	SRX5180003	PRJNA511822	256318	metagenome	Illumina HiSeq 2000 sequencing: river water	L5	Water	Freshwater	L5	39.08	117.262	ftp.sra.ebi.ac.uk/vol1/fastq/SRR836/009/SRR8369859/SRR8369859_1.fastq.gz;ftp.sra.ebi.ac.uk/vol1/fastq/SRR836/009/SRR8369859/SRR8369859_2.fastq.gz	river water
SRR14061753	SAMN18434950	SRX10436339	PRJNA714465	1649191	estuary metagenome	Illumina HiSeq 2500 sequencing: Metagenome of bacterial community in Water	C02	Water	Freshwater	C	39.08	117.262	ftp.sra.ebi.ac.uk/vol1/fastq/SRR140/053/SRR14061753/SRR14061753_1.fastq.gz;ftp.sra.ebi.ac.uk/vol1/fastq/SRR140/053/SRR14061753/SRR14061753_2.fastq.gz	Water metagenome 2
SRR14061755	SAMN18434948	SRX10436337	PRJNA714465	1649191	estuary metagenome	Illumina HiSeq 2500 sequencing: Metagenome of PVC microplastic biofilm	B03	Plastic	PVC	B	39.08	117.262	ftp.sra.ebi.ac.uk/vol1/fastq/SRR140/055/SRR14061755/SRR14061755_1.fastq.gz;ftp.sra.ebi.ac.uk/vol1/fastq/SRR140/055/SRR14061755/SRR14061755_2.fastq.gz	PVC biofilm metagenome 3
SRR14061758	SAMN18434945	SRX10436334	PRJNA714465	1649191	estuary metagenome	Illumina HiSeq 2500 sequencing: Metagenome of PLA microplastic biofilm	A03	Plastic	PLA	A	39.08	117.262	ftp.sra.ebi.ac.uk/vol1/fastq/SRR140/058/SRR14061758/SRR14061758_1.fastq.gz;ftp.sra.ebi.ac.uk/vol1/fastq/SRR140/058/SRR14061758/SRR14061758_2.fastq.gz	PLA biofilm metagenome 3
SRR14061759	SAMN18434944	SRX10436333	PRJNA714465	1649191	estuary metagenome	Illumina HiSeq 2500 sequencing: Metagenome of PLA microplastic biofilm	A02	Plastic	PLA	A	39.08	117.262	ftp.sra.ebi.ac.uk/vol1/fastq/SRR140/059/SRR14061759/SRR14061759_1.fastq.gz;ftp.sra.ebi.ac.uk/vol1/fastq/SRR140/059/SRR14061759/SRR14061759_2.fastq.gz	PLA biofilm metagenome 2
SRR14061752	SAMN18434951	SRX10436340	PRJNA714465	1649191	estuary metagenome	Illumina HiSeq 2500 sequencing: Metagenome of bacterial community in Water	C03	Water	Freshwater	C	39.08	117.262	ftp.sra.ebi.ac.uk/vol1/fastq/SRR140/052/SRR14061752/SRR14061752_1.fastq.gz;ftp.sra.ebi.ac.uk/vol1/fastq/SRR140/052/SRR14061752/SRR14061752_2.fastq.gz	Water metagenome 3
SRR14061760	SAMN18434943	SRX10436332	PRJNA714465	1649191	estuary metagenome	Illumina HiSeq 2500 sequencing: Metagenome of PLA microplastic biofilm	A01	Plastic	PLA	A	39.08	117.262	ftp.sra.ebi.ac.uk/vol1/fastq/SRR140/060/SRR14061760/SRR14061760_1.fastq.gz;ftp.sra.ebi.ac.uk/vol1/fastq/SRR140/060/SRR14061760/SRR14061760_2.fastq.gz	PLA biofilm metagenome 1
SRR14061754	SAMN18434949	SRX10436338	PRJNA714465	1649191	estuary metagenome	Illumina HiSeq 2500 sequencing: Metagenome of bacterial community in Water	C01	Water	Freshwater	C	39.08	117.262	ftp.sra.ebi.ac.uk/vol1/fastq/SRR140/054/SRR14061754/SRR14061754_1.fastq.gz;ftp.sra.ebi.ac.uk/vol1/fastq/SRR140/054/SRR14061754/SRR14061754_2.fastq.gz	Water metagenome 1
SRR14061756	SAMN18434947	SRX10436336	PRJNA714465	1649191	estuary metagenome	Illumina HiSeq 2500 sequencing: Metagenome of PVC microplastic biofilm	B02	Plastic	PVC	B	39.08	117.262	ftp.sra.ebi.ac.uk/vol1/fastq/SRR140/056/SRR14061756/SRR14061756_1.fastq.gz;ftp.sra.ebi.ac.uk/vol1/fastq/SRR140/056/SRR14061756/SRR14061756_2.fastq.gz	PVC biofilm metagenome 2
SRR14061757	SAMN18434946	SRX10436335	PRJNA714465	1649191	estuary metagenome	Illumina HiSeq 2500 sequencing: Metagenome of PVC microplastic biofilm	B01	Plastic	PVC	B	39.08	117.262	ftp.sra.ebi.ac.uk/vol1/fastq/SRR140/057/SRR14061757/SRR14061757_1.fastq.gz;ftp.sra.ebi.ac.uk/vol1/fastq/SRR140/057/SRR14061757/SRR14061757_2.fastq.gz	PVC biofilm metagenome 1
SRR15530465	SAMN20863992	SRX11828818	PRJNA756323	408172	marine metagenome	Illumina NovaSeq 6000 sequencing: Metagenomic sequencing of microcosms experiment	PVC10A	Plastic	PVC	A	-34.116	151.219	ftp.sra.ebi.ac.uk/vol1/fastq/SRR155/065/SRR15530465/SRR15530465_1.fastq.gz;ftp.sra.ebi.ac.uk/vol1/fastq/SRR155/065/SRR15530465/SRR15530465_2.fastq.gz	Metagenome or environmental sample from marine metagenome
SRR15530466	SAMN20863991	SRX11828817	PRJNA756323	408172	marine metagenome	Illumina NovaSeq 6000 sequencing: Metagenomic sequencing of microcosms experiment	SWA	Water	Seawater	A	-34.116	151.219	ftp.sra.ebi.ac.uk/vol1/fastq/SRR155/066/SRR15530466/SRR15530466_1.fastq.gz;ftp.sra.ebi.ac.uk/vol1/fastq/SRR155/066/SRR15530466/SRR15530466_2.fastq.gz	Metagenome or environmental sample from marine metagenome
SRR15530469	SAMN20863988	SRX11828814	PRJNA756323	408172	marine metagenome	Illumina NovaSeq 6000 sequencing: Metagenomic sequencing of microcosms experiment	PVC1A	Plastic	PVC	A	-34.116	151.219	ftp.sra.ebi.ac.uk/vol1/fastq/SRR155/069/SRR15530469/SRR15530469_1.fastq.gz;ftp.sra.ebi.ac.uk/vol1/fastq/SRR155/069/SRR15530469/SRR15530469_2.fastq.gz	Metagenome or environmental sample from marine metagenome
SRR15530472	SAMN20863985	SRX11828811	PRJNA756323	408172	marine metagenome	Illumina NovaSeq 6000 sequencing: Metagenomic sequencing of microcosms experiment	Zn1c	Non-plastic	Zn	C	-34.116	151.219	ftp.sra.ebi.ac.uk/vol1/fastq/SRR155/072/SRR15530472/SRR15530472_1.fastq.gz;ftp.sra.ebi.ac.uk/vol1/fastq/SRR155/072/SRR15530472/SRR15530472_2.fastq.gz	Metagenome or environmental sample from marine metagenome
SRR15530473	SAMN20863998	SRX11828810	PRJNA756323	408172	marine metagenome	Illumina NovaSeq 6000 sequencing: Metagenomic sequencing of microcosms experiment	Zn1D	Non-plastic	Zn	D	-34.116	151.219	ftp.sra.ebi.ac.uk/vol1/fastq/SRR155/073/SRR15530473/SRR15530473_1.fastq.gz;ftp.sra.ebi.ac.uk/vol1/fastq/SRR155/073/SRR15530473/SRR15530473_2.fastq.gz	Metagenome or environmental sample from marine metagenome
SRR15530478	SAMN20863993	SRX11828805	PRJNA756323	408172	marine metagenome	Illumina NovaSeq 6000 sequencing: Metagenomic sequencing of microcosms experiment	Zn1A	Non-plastic	Zn	A	-34.116	151.219	ftp.sra.ebi.ac.uk/vol1/fastq/SRR155/078/SRR15530478/SRR15530478_1.fastq.gz;ftp.sra.ebi.ac.uk/vol1/fastq/SRR155/078/SRR15530478/SRR15530478_2.fastq.gz	Metagenome or environmental sample from marine metagenome
SRR15530468	SAMN20863989	SRX11828815	PRJNA756323	408172	marine metagenome	Illumina NovaSeq 6000 sequencing: Metagenomic sequencing of microcosms experiment	Zn10C	Non-plastic	Zn	C	-34.116	151.219	ftp.sra.ebi.ac.uk/vol1/fastq/SRR155/068/SRR15530468/SRR15530468_1.fastq.gz;ftp.sra.ebi.ac.uk/vol1/fastq/SRR155/068/SRR15530468/SRR15530468_2.fastq.gz	Metagenome or environmental sample from marine metagenome
SRR15530470	SAMN20863987	SRX11828813	PRJNA756323	408172	marine metagenome	Illumina NovaSeq 6000 sequencing: Metagenomic sequencing of microcosms experiment	PVC10C	Plastic	PVC	C	-34.116	151.219	ftp.sra.ebi.ac.uk/vol1/fastq/SRR155/070/SRR15530470/SRR15530470_1.fastq.gz;ftp.sra.ebi.ac.uk/vol1/fastq/SRR155/070/SRR15530470/SRR15530470_2.fastq.gz	Metagenome or environmental sample from marine metagenome
SRR15530474	SAMN20863997	SRX11828809	PRJNA756323	408172	marine metagenome	Illumina NovaSeq 6000 sequencing: Metagenomic sequencing of microcosms experiment	PVC1B	Plastic	PVC	B	-34.116	151.219	ftp.sra.ebi.ac.uk/vol1/fastq/SRR155/074/SRR15530474/SRR15530474_1.fastq.gz;ftp.sra.ebi.ac.uk/vol1/fastq/SRR155/074/SRR15530474/SRR15530474_2.fastq.gz	Metagenome or environmental sample from marine metagenome
SRR15530480	SAMN20863983	SRX11828803	PRJNA756323	408172	marine metagenome	Illumina NovaSeq 6000 sequencing: Metagenomic sequencing of microcosms experiment	SWB	Water	Seawater	B	-34.116	151.219	ftp.sra.ebi.ac.uk/vol1/fastq/SRR155/080/SRR15530480/SRR15530480_1.fastq.gz;ftp.sra.ebi.ac.uk/vol1/fastq/SRR155/080/SRR15530480/SRR15530480_2.fastq.gz	Metagenome or environmental sample from marine metagenome
SRR15530467	SAMN20863990	SRX11828816	PRJNA756323	408172	marine metagenome	Illumina NovaSeq 6000 sequencing: Metagenomic sequencing of microcosms experiment	PVC1D	Plastic	PVC	D	-34.116	151.219	ftp.sra.ebi.ac.uk/vol1/fastq/SRR155/067/SRR15530467/SRR15530467_1.fastq.gz;ftp.sra.ebi.ac.uk/vol1/fastq/SRR155/067/SRR15530467/SRR15530467_2.fastq.gz	Metagenome or environmental sample from marine metagenome
SRR15530471	SAMN20863986	SRX11828812	PRJNA756323	408172	marine metagenome	Illumina NovaSeq 6000 sequencing: Metagenomic sequencing of microcosms experiment	Zn1B	Non-plastic	Zn	B	-34.116	151.219	ftp.sra.ebi.ac.uk/vol1/fastq/SRR155/071/SRR15530471/SRR15530471_1.fastq.gz;ftp.sra.ebi.ac.uk/vol1/fastq/SRR155/071/SRR15530471/SRR15530471_2.fastq.gz	Metagenome or environmental sample from marine metagenome
SRR15530475	SAMN20863996	SRX11828808	PRJNA756323	408172	marine metagenome	Illumina NovaSeq 6000 sequencing: Metagenomic sequencing of microcosms experiment	PVC1C	Plastic	PVC	C	-34.116	151.219	ftp.sra.ebi.ac.uk/vol1/fastq/SRR155/075/SRR15530475/SRR15530475_1.fastq.gz;ftp.sra.ebi.ac.uk/vol1/fastq/SRR155/075/SRR15530475/SRR15530475_2.fastq.gz	Metagenome or environmental sample from marine metagenome
SRR15530476	SAMN20863995	SRX11828807	PRJNA756323	408172	marine metagenome	Illumina NovaSeq 6000 sequencing: Metagenomic sequencing of microcosms experiment	SWD_t6	Water	Seawater	D	-34.116	151.219	ftp.sra.ebi.ac.uk/vol1/fastq/SRR155/076/SRR15530476/SRR15530476_1.fastq.gz;ftp.sra.ebi.ac.uk/vol1/fastq/SRR155/076/SRR15530476/SRR15530476_2.fastq.gz	Metagenome or environmental sample from marine metagenome
SRR15530477	SAMN20863994	SRX11828806	PRJNA756323	408172	marine metagenome	Illumina NovaSeq 6000 sequencing: Metagenomic sequencing of microcosms experiment	Zn10A	Non-plastic	Zn	A	-34.116	151.219	ftp.sra.ebi.ac.uk/vol1/fastq/SRR155/077/SRR15530477/SRR15530477_1.fastq.gz;ftp.sra.ebi.ac.uk/vol1/fastq/SRR155/077/SRR15530477/SRR15530477_2.fastq.gz	Metagenome or environmental sample from marine metagenome
SRR15530479	SAMN20863984	SRX11828804	PRJNA756323	408172	marine metagenome	Illumina NovaSeq 6000 sequencing: Metagenomic sequencing of microcosms experiment	PVC10D	Plastic	PVC	D	-34.116	151.219	ftp.sra.ebi.ac.uk/vol1/fastq/SRR155/079/SRR15530479/SRR15530479_1.fastq.gz;ftp.sra.ebi.ac.uk/vol1/fastq/SRR155/079/SRR15530479/SRR15530479_2.fastq.gz	Metagenome or environmental sample from marine metagenome
SRR17458606	SAMN24661210	SRX13629836	PRJNA777294	1342751	plastisphere metagenome	NextSeq 500 sequencing: Metagenomic analyses of Early Plastic Biofilm	18-Drifterexpttime3punches_S41	Plastic	HDPE		25.86	-69.99	ftp.sra.ebi.ac.uk/vol1/fastq/SRR174/006/SRR17458606/SRR17458606_1.fastq.gz;ftp.sra.ebi.ac.uk/vol1/fastq/SRR174/006/SRR17458606/SRR17458606_2.fastq.gz	Metagenome or environmental sample from plastisphere metagenome
SRR17458610	SAMN24661245	SRX13629832	PRJNA777294	1342751	plastisphere metagenome	NextSeq 500 sequencing: Metagenomic analyses of Early Plastic Biofilm	63-Drifterexpttime8PHApellets_S28	Plastic	PHA		38.58	-76.42	ftp.sra.ebi.ac.uk/vol1/fastq/SRR174/010/SRR17458610/SRR17458610_1.fastq.gz;ftp.sra.ebi.ac.uk/vol1/fastq/SRR174/010/SRR17458610/SRR17458610_2.fastq.gz	Metagenome or environmental sample from plastisphere metagenome
SRR17458614	SAMN24661242	SRX13629828	PRJNA777294	1342751	plastisphere metagenome	NextSeq 500 sequencing: Metagenomic analyses of Mature Plastic Biofilm	56-NT-08-kthinblackstrand_S27	Plastic	PP		37.89	-76.17	ftp.sra.ebi.ac.uk/vol1/fastq/SRR174/014/SRR17458614/SRR17458614_1.fastq.gz;ftp.sra.ebi.ac.uk/vol1/fastq/SRR174/014/SRR17458614/SRR17458614_2.fastq.gz	Metagenome or environmental sample from plastisphere metagenome
SRR17458619	SAMN24661237	SRX13629823	PRJNA777294	1342751	plastisphere metagenome	NextSeq 500 sequencing: Metagenomic analyses of Early Plastic Biofilm	53-Drifterexpttime7punches_S35	Plastic	HDPE		22.56	-63.73	ftp.sra.ebi.ac.uk/vol1/fastq/SRR174/019/SRR17458619/SRR17458619_1.fastq.gz;ftp.sra.ebi.ac.uk/vol1/fastq/SRR174/019/SRR17458619/SRR17458619_2.fastq.gz	Metagenome or environmental sample from plastisphere metagenome
SRR17458620	SAMN24661236	SRX13629822	PRJNA777294	1342751	plastisphere metagenome	NextSeq 500 sequencing: Metagenomic analyses of Early Plastic Biofilm	52-Drifterexpttime6pellets_S36	Plastic	HDPE		22.56	-63.73	ftp.sra.ebi.ac.uk/vol1/fastq/SRR174/020/SRR17458620/SRR17458620_1.fastq.gz;ftp.sra.ebi.ac.uk/vol1/fastq/SRR174/020/SRR17458620/SRR17458620_2.fastq.gz	Metagenome or environmental sample from plastisphere metagenome
SRR17458621	SAMN24661235	SRX13629821	PRJNA777294	1342751	plastisphere metagenome	NextSeq 500 sequencing: Metagenomic analyses of Early Plastic Biofilm	51-Drifterexpttime6punches_S37	Plastic	HDPE		22.56	-63.73	ftp.sra.ebi.ac.uk/vol1/fastq/SRR174/021/SRR17458621/SRR17458621_1.fastq.gz;ftp.sra.ebi.ac.uk/vol1/fastq/SRR174/021/SRR17458621/SRR17458621_2.fastq.gz	Metagenome or environmental sample from plastisphere metagenome
SRR17458630	SAMN24661227	SRX13629812	PRJNA777294	1342751	plastisphere metagenome	NextSeq 500 sequencing: Metagenomic analyses of Mature Plastic Biofilm	41-NT-03-bclearthinfilm_S11	Plastic	PP		24.95	-66.35	ftp.sra.ebi.ac.uk/vol1/fastq/SRR174/030/SRR17458630/SRR17458630_1.fastq.gz;ftp.sra.ebi.ac.uk/vol1/fastq/SRR174/030/SRR17458630/SRR17458630_2.fastq.gz	Metagenome or environmental sample from plastisphere metagenome
SRR17458634	SAMN24661206	SRX13629808	PRJNA777294	1342751	plastisphere metagenome	NextSeq 500 sequencing: Metagenomic analyses of Mature Plastic Biofilm	14-NT-02-bblueishsquare_S8	Plastic	PE		25.89	-69.88	ftp.sra.ebi.ac.uk/vol1/fastq/SRR174/034/SRR17458634/SRR17458634_1.fastq.gz;ftp.sra.ebi.ac.uk/vol1/fastq/SRR174/034/SRR17458634/SRR17458634_2.fastq.gz	Metagenome or environmental sample from plastisphere metagenome
SRR17458646	SAMN24661204	SRX13629796	PRJNA777294	1342751	plastisphere metagenome	NextSeq 500 sequencing: Metagenomic analyses of Mature Plastic Biofilm	10-NT-02-d4smallpieces_S14	Plastic	PE		30.69	-79.78	ftp.sra.ebi.ac.uk/vol1/fastq/SRR174/046/SRR17458646/SRR17458646_1.fastq.gz;ftp.sra.ebi.ac.uk/vol1/fastq/SRR174/046/SRR17458646/SRR17458646_2.fastq.gz	Metagenome or environmental sample from plastisphere metagenome
SRR17458603	SAMN24661213	SRX13629839	PRJNA777294	1342751	plastisphere metagenome	NextSeq 500 sequencing: Metagenomic analyses of Mature Plastic Biofilm	1-NT-01-awhiteexpandedPS_S13	Plastic	PS		27.06	-79.95	ftp.sra.ebi.ac.uk/vol1/fastq/SRR174/003/SRR17458603/SRR17458603_1.fastq.gz;ftp.sra.ebi.ac.uk/vol1/fastq/SRR174/003/SRR17458603/SRR17458603_2.fastq.gz	Metagenome or environmental sample from plastisphere metagenome
SRR17458604	SAMN24661212	SRX13629838	PRJNA777294	1342751	plastisphere metagenome	NextSeq 500 sequencing: Metagenomic analyses of Aquarium Seawater	1A-64A-SII16May17-2Lfrom5GalincBucket-1600-NT-005_S1	Water	Seawater		33.76	-76.55	ftp.sra.ebi.ac.uk/vol1/fastq/SRR174/004/SRR17458604/SRR17458604_1.fastq.gz;ftp.sra.ebi.ac.uk/vol1/fastq/SRR174/004/SRR17458604/SRR17458604_2.fastq.gz	Metagenome or environmental sample from plastisphere metagenome
SRR17458607	SAMN24661209	SRX13629835	PRJNA777294	1342751	plastisphere metagenome	NextSeq 500 sequencing: Metagenomic analyses of Mature Plastic Biofilm	15-NT-03-bwhiteirregularstrip_S17	Plastic	PP		31.18	-79.5	ftp.sra.ebi.ac.uk/vol1/fastq/SRR174/007/SRR17458607/SRR17458607_1.fastq.gz;ftp.sra.ebi.ac.uk/vol1/fastq/SRR174/007/SRR17458607/SRR17458607_2.fastq.gz	Metagenome or environmental sample from plastisphere metagenome
SRR17458609	SAMN24661246	SRX13629833	PRJNA777294	1342751	plastisphere metagenome	NextSeq 500 sequencing: Metagenomic analyses of Mature Plastic Biofilm	6-NT-01-dlongnarrowfilm_S5	Plastic	PE		26.73	-79.89	ftp.sra.ebi.ac.uk/vol1/fastq/SRR174/009/SRR17458609/SRR17458609_1.fastq.gz;ftp.sra.ebi.ac.uk/vol1/fastq/SRR174/009/SRR17458609/SRR17458609_2.fastq.gz	Metagenome or environmental sample from plastisphere metagenome
SRR17458611	SAMN24661244	SRX13629831	PRJNA777294	1342751	plastisphere metagenome	NextSeq 500 sequencing: Metagenomic analyses of Early Plastic Biofilm	60-Drifterexpttime7PHApellets_S29	Plastic	PHA		37.89	-76.13	ftp.sra.ebi.ac.uk/vol1/fastq/SRR174/011/SRR17458611/SRR17458611_1.fastq.gz;ftp.sra.ebi.ac.uk/vol1/fastq/SRR174/011/SRR17458611/SRR17458611_2.fastq.gz	Metagenome or environmental sample from plastisphere metagenome
SRR17458613	SAMN24661243	SRX13629829	PRJNA777294	1342751	plastisphere metagenome	NextSeq 500 sequencing: Metagenomic analyses of Mature Plastic Biofilm	5-NT-01-ccornerbagfilm_S7	Plastic	PE		26.73	-79.89	ftp.sra.ebi.ac.uk/vol1/fastq/SRR174/013/SRR17458613/SRR17458613_1.fastq.gz;ftp.sra.ebi.ac.uk/vol1/fastq/SRR174/013/SRR17458613/SRR17458613_2.fastq.gz	Metagenome or environmental sample from plastisphere metagenome
SRR17458615	SAMN24661241	SRX13629827	PRJNA777294	1342751	plastisphere metagenome	NextSeq 500 sequencing: Metagenomic analyses of Early Plastic Biofilm	56-Drifterexpttime7PHA_S32	Plastic	PHA		22.56	-63.73	ftp.sra.ebi.ac.uk/vol1/fastq/SRR174/015/SRR17458615/SRR17458615_1.fastq.gz;ftp.sra.ebi.ac.uk/vol1/fastq/SRR174/015/SRR17458615/SRR17458615_2.fastq.gz	Metagenome or environmental sample from plastisphere metagenome
SRR17458616	SAMN24661240	SRX13629826	PRJNA777294	1342751	plastisphere metagenome	NextSeq 500 sequencing: Metagenomic analyses of Early Plastic Biofilm	55-Drifterexpttime7PS_S33	Plastic	PS		22.56	-63.73	ftp.sra.ebi.ac.uk/vol1/fastq/SRR174/016/SRR17458616/SRR17458616_1.fastq.gz;ftp.sra.ebi.ac.uk/vol1/fastq/SRR174/016/SRR17458616/SRR17458616_2.fastq.gz	Metagenome or environmental sample from plastisphere metagenome
SRR17458617	SAMN24661239	SRX13629825	PRJNA777294	1342751	plastisphere metagenome	NextSeq 500 sequencing: Metagenomic analyses of Early Plastic Biofilm	54-Drifterexpttime7pellets_S34	Plastic	HDPE		22.56	-63.73	ftp.sra.ebi.ac.uk/vol1/fastq/SRR174/017/SRR17458617/SRR17458617_1.fastq.gz;ftp.sra.ebi.ac.uk/vol1/fastq/SRR174/017/SRR17458617/SRR17458617_2.fastq.gz	Metagenome or environmental sample from plastisphere metagenome
SRR17458623	SAMN24661207	SRX13629819	PRJNA777294	1342751	plastisphere metagenome	NextSeq 500 sequencing: Metagenomic analyses of Mature Plastic Biofilm	14-NT-03-alargewhitefragment_S15	Plastic	PE		31.18	-79.5	ftp.sra.ebi.ac.uk/vol1/fastq/SRR174/023/SRR17458623/SRR17458623_1.fastq.gz;ftp.sra.ebi.ac.uk/vol1/fastq/SRR174/023/SRR17458623/SRR17458623_2.fastq.gz	Metagenome or environmental sample from plastisphere metagenome
SRR17458624	SAMN24661233	SRX13629818	PRJNA777294	1342751	plastisphere metagenome	NextSeq 500 sequencing: Metagenomic analyses of Aquarium Seawater	4A-66A-SII-17May17-1900ish-2Lfrom5galincubbucket_S4	Water	Seawater		36.9	-75.93	ftp.sra.ebi.ac.uk/vol1/fastq/SRR174/024/SRR17458624/SRR17458624_1.fastq.gz;ftp.sra.ebi.ac.uk/vol1/fastq/SRR174/024/SRR17458624/SRR17458624_2.fastq.gz	Metagenome or environmental sample from plastisphere metagenome
SRR17458626	SAMN24661231	SRX13629816	PRJNA777294	1342751	plastisphere metagenome	NextSeq 500 sequencing: Metagenomic analyses of Early Plastic Biofilm	49-Drifterexpttime5punches_S39	Plastic	HDPE		22.56	-63.73	ftp.sra.ebi.ac.uk/vol1/fastq/SRR174/026/SRR17458626/SRR17458626_1.fastq.gz;ftp.sra.ebi.ac.uk/vol1/fastq/SRR174/026/SRR17458626/SRR17458626_2.fastq.gz	Metagenome or environmental sample from plastisphere metagenome
SRR17458627	SAMN24661230	SRX13629815	PRJNA777294	1342751	plastisphere metagenome	NextSeq 500 sequencing: Metagenomic analyses of Early Plastic Biofilm	47-Drifterexpttime4punches_S40	Plastic	HDPE		24.43	-65.55	ftp.sra.ebi.ac.uk/vol1/fastq/SRR174/027/SRR17458627/SRR17458627_1.fastq.gz;ftp.sra.ebi.ac.uk/vol1/fastq/SRR174/027/SRR17458627/SRR17458627_2.fastq.gz	Metagenome or environmental sample from plastisphere metagenome
SRR17458628	SAMN24661229	SRX13629814	PRJNA777294	1342751	plastisphere metagenome	NextSeq 500 sequencing: Metagenomic analyses of Mature Wood Biofilm	46-NT-08-alargeflatwhitepiecewithbiofilm_S26	Non-plastic	Wood		37.89	-76.17	ftp.sra.ebi.ac.uk/vol1/fastq/SRR174/028/SRR17458628/SRR17458628_1.fastq.gz;ftp.sra.ebi.ac.uk/vol1/fastq/SRR174/028/SRR17458628/SRR17458628_2.fastq.gz	Metagenome or environmental sample from plastisphere metagenome
SRR17458632	SAMN24661225	SRX13629810	PRJNA777294	1342751	plastisphere metagenome	NextSeq 500 sequencing: Metagenomic analyses of Mature Plastic Biofilm	40-NT-03-alargerigidwhite_S12	Plastic	PE		24.95	-66.35	ftp.sra.ebi.ac.uk/vol1/fastq/SRR174/032/SRR17458632/SRR17458632_1.fastq.gz;ftp.sra.ebi.ac.uk/vol1/fastq/SRR174/032/SRR17458632/SRR17458632_2.fastq.gz	Metagenome or environmental sample from plastisphere metagenome
SRR17458636	SAMN24661222	SRX13629806	PRJNA777294	1342751	plastisphere metagenome	NextSeq 500 sequencing: Metagenomic analyses of Early Plastic Biofilm	38-1stcolexpttime10punches_S43	Plastic	HDPE		22.56	-63.73	ftp.sra.ebi.ac.uk/vol1/fastq/SRR174/036/SRR17458636/SRR17458636_1.fastq.gz;ftp.sra.ebi.ac.uk/vol1/fastq/SRR174/036/SRR17458636/SRR17458636_2.fastq.gz	Metagenome or environmental sample from plastisphere metagenome
SRR17458638	SAMN24661220	SRX13629804	PRJNA777294	1342751	plastisphere metagenome	NextSeq 500 sequencing: Metagenomic analyses of Mature Plastic Biofilm	34-NT-06-aplasticfilmwithbrownbiofilm_S23	Plastic	PMMA		36.04	-75.52	ftp.sra.ebi.ac.uk/vol1/fastq/SRR174/038/SRR17458638/SRR17458638_1.fastq.gz;ftp.sra.ebi.ac.uk/vol1/fastq/SRR174/038/SRR17458638/SRR17458638_2.fastq.gz	Metagenome or environmental sample from plastisphere metagenome
SRR17458639	SAMN24661219	SRX13629803	PRJNA777294	1342751	plastisphere metagenome	NextSeq 500 sequencing: Metagenomic analyses of Early Plastic Biofilm	34-1stcolexpttime8punches_S44	Plastic	HDPE		22.56	-63.73	ftp.sra.ebi.ac.uk/vol1/fastq/SRR174/039/SRR17458639/SRR17458639_1.fastq.gz;ftp.sra.ebi.ac.uk/vol1/fastq/SRR174/039/SRR17458639/SRR17458639_2.fastq.gz	Metagenome or environmental sample from plastisphere metagenome
SRR17458643	SAMN24661215	SRX13629799	PRJNA777294	1342751	plastisphere metagenome	NextSeq 500 sequencing: Metagenomic analyses of Mature Plastic Biofilm	25-NT-04-cclearfilm_S19	Plastic	PE		33.45	-76.89	ftp.sra.ebi.ac.uk/vol1/fastq/SRR174/043/SRR17458643/SRR17458643_1.fastq.gz;ftp.sra.ebi.ac.uk/vol1/fastq/SRR174/043/SRR17458643/SRR17458643_2.fastq.gz	Metagenome or environmental sample from plastisphere metagenome
SRR17458645	SAMN24661205	SRX13629797	PRJNA777294	1342751	plastisphere metagenome	NextSeq 500 sequencing: Metagenomic analyses of Mature Plastic Biofilm	13-NT-02-amonofilament_S10	Plastic	PE		25.89	-69.88	ftp.sra.ebi.ac.uk/vol1/fastq/SRR174/045/SRR17458645/SRR17458645_1.fastq.gz;ftp.sra.ebi.ac.uk/vol1/fastq/SRR174/045/SRR17458645/SRR17458645_2.fastq.gz	Metagenome or environmental sample from plastisphere metagenome
SRR17458605	SAMN24661211	SRX13629837	PRJNA777294	1342751	plastisphere metagenome	NextSeq 500 sequencing: Metagenomic analyses of Mature Plastic Biofilm	19-NT-03-fmultiplemixedpieces_S16	Plastic	PE		31.18	-79.5	ftp.sra.ebi.ac.uk/vol1/fastq/SRR174/005/SRR17458605/SRR17458605_1.fastq.gz;ftp.sra.ebi.ac.uk/vol1/fastq/SRR174/005/SRR17458605/SRR17458605_2.fastq.gz	Metagenome or environmental sample from plastisphere metagenome
SRR17458608	SAMN24661247	SRX13629834	PRJNA777294	1342751	plastisphere metagenome	NextSeq 500 sequencing: Metagenomic analyses of Mature Plastic Biofilm	7-NT-01-etropicalpunchlabel_S6	Plastic	PP		26.73	-79.89	ftp.sra.ebi.ac.uk/vol1/fastq/SRR174/008/SRR17458608/SRR17458608_1.fastq.gz;ftp.sra.ebi.ac.uk/vol1/fastq/SRR174/008/SRR17458608/SRR17458608_2.fastq.gz	Metagenome or environmental sample from plastisphere metagenome
SRR17458612	SAMN24661208	SRX13629830	PRJNA777294	1342751	plastisphere metagenome	NextSeq 500 sequencing: Metagenomic analyses of Mature Plastic Biofilm	15-NT-02-csmallwhiteirregularfragment_S9	Plastic	PE		25.89	-69.88	ftp.sra.ebi.ac.uk/vol1/fastq/SRR174/012/SRR17458612/SRR17458612_1.fastq.gz;ftp.sra.ebi.ac.uk/vol1/fastq/SRR174/012/SRR17458612/SRR17458612_2.fastq.gz	Metagenome or environmental sample from plastisphere metagenome
SRR17458618	SAMN24661238	SRX13629824	PRJNA777294	1342751	plastisphere metagenome	NextSeq 500 sequencing: Metagenomic analyses of Mature Wood Biofilm	53-NT-08-hwood_S25	Non-plastic	Wood		37.89	-76.17	ftp.sra.ebi.ac.uk/vol1/fastq/SRR174/018/SRR17458618/SRR17458618_1.fastq.gz;ftp.sra.ebi.ac.uk/vol1/fastq/SRR174/018/SRR17458618/SRR17458618_2.fastq.gz	Metagenome or environmental sample from plastisphere metagenome
SRR17458622	SAMN24661234	SRX13629820	PRJNA777294	1342751	plastisphere metagenome	NextSeq 500 sequencing: Metagenomic analyses of Early Plastic Biofilm	50-Drifterexpttime5pellets_S38	Plastic	HDPE		22.56	-63.73	ftp.sra.ebi.ac.uk/vol1/fastq/SRR174/022/SRR17458622/SRR17458622_1.fastq.gz;ftp.sra.ebi.ac.uk/vol1/fastq/SRR174/022/SRR17458622/SRR17458622_2.fastq.gz	Metagenome or environmental sample from plastisphere metagenome
SRR17458625	SAMN24661232	SRX13629817	PRJNA777294	1342751	plastisphere metagenome	NextSeq 500 sequencing: Metagenomic analyses of Mature Cardboard Biofilm	49-NT-08-dsmallchunkwithbiofilm-cardboard_S24	Non-plastic	Cardboard		37.89	-76.17	ftp.sra.ebi.ac.uk/vol1/fastq/SRR174/025/SRR17458625/SRR17458625_1.fastq.gz;ftp.sra.ebi.ac.uk/vol1/fastq/SRR174/025/SRR17458625/SRR17458625_2.fastq.gz	Metagenome or environmental sample from plastisphere metagenome
SRR17458629	SAMN24661228	SRX13629813	PRJNA777294	1342751	plastisphere metagenome	NextSeq 500 sequencing: Metagenomic analyses of Early Plastic Biofilm	45-Drifterexpttime6PHApellets_S30	Plastic	PHA		36.9	-75.93	ftp.sra.ebi.ac.uk/vol1/fastq/SRR174/029/SRR17458629/SRR17458629_1.fastq.gz;ftp.sra.ebi.ac.uk/vol1/fastq/SRR174/029/SRR17458629/SRR17458629_2.fastq.gz	Metagenome or environmental sample from plastisphere metagenome
SRR17458631	SAMN24661226	SRX13629811	PRJNA777294	1342751	plastisphere metagenome	NextSeq 500 sequencing: Metagenomic analyses of Early Plastic Biofilm	41-Drifterexpttime5PHApellets_S31	Plastic	PHA		36.1	-75.5	ftp.sra.ebi.ac.uk/vol1/fastq/SRR174/031/SRR17458631/SRR17458631_1.fastq.gz;ftp.sra.ebi.ac.uk/vol1/fastq/SRR174/031/SRR17458631/SRR17458631_2.fastq.gz	Metagenome or environmental sample from plastisphere metagenome
SRR17458633	SAMN24661224	SRX13629809	PRJNA777294	1342751	plastisphere metagenome	NextSeq 500 sequencing: Metagenomic analyses of Aquarium Seawater	3A-66A-SII-15May7-NT-003-2000mlfrom5galincbucket_S3	Water	Seawater		31.16	-79.52	ftp.sra.ebi.ac.uk/vol1/fastq/SRR174/033/SRR17458633/SRR17458633_1.fastq.gz;ftp.sra.ebi.ac.uk/vol1/fastq/SRR174/033/SRR17458633/SRR17458633_2.fastq.gz	Metagenome or environmental sample from plastisphere metagenome
SRR17458635	SAMN24661223	SRX13629807	PRJNA777294	1342751	plastisphere metagenome	NextSeq 500 sequencing: Metagenomic analyses of Early Plastic Biofilm	39-1stcolexpttime10pellets_S42	Plastic	HDPE		22.56	-63.73	ftp.sra.ebi.ac.uk/vol1/fastq/SRR174/035/SRR17458635/SRR17458635_1.fastq.gz;ftp.sra.ebi.ac.uk/vol1/fastq/SRR174/035/SRR17458635/SRR17458635_2.fastq.gz	Metagenome or environmental sample from plastisphere metagenome
SRR17458637	SAMN24661221	SRX13629805	PRJNA777294	1342751	plastisphere metagenome	NextSeq 500 sequencing: Metagenomic analyses of Mature Plastic Biofilm	36-NT-06-cyellowfilament_S22	Plastic	PP		36.04	-75.52	ftp.sra.ebi.ac.uk/vol1/fastq/SRR174/037/SRR17458637/SRR17458637_1.fastq.gz;ftp.sra.ebi.ac.uk/vol1/fastq/SRR174/037/SRR17458637/SRR17458637_2.fastq.gz	Metagenome or environmental sample from plastisphere metagenome
SRR17458640	SAMN24661218	SRX13629802	PRJNA777294	1342751	plastisphere metagenome	NextSeq 500 sequencing: Metagenomic analyses of Mature Plastic Biofilm	30-NT-05-bbluefilament_S21	Plastic	PE		33.69	-76.62	ftp.sra.ebi.ac.uk/vol1/fastq/SRR174/040/SRR17458640/SRR17458640_1.fastq.gz;ftp.sra.ebi.ac.uk/vol1/fastq/SRR174/040/SRR17458640/SRR17458640_2.fastq.gz	Metagenome or environmental sample from plastisphere metagenome
SRR17458641	SAMN24661217	SRX13629801	PRJNA777294	1342751	plastisphere metagenome	NextSeq 500 sequencing: Metagenomic analyses of Aquarium Seawater	2B-65B-SII14May17Day0-SterivexwithLysisbuffer-2000from5galIncubBucket_S2	Water	Seawater		27.06	-79.95	ftp.sra.ebi.ac.uk/vol1/fastq/SRR174/041/SRR17458641/SRR17458641_1.fastq.gz;ftp.sra.ebi.ac.uk/vol1/fastq/SRR174/041/SRR17458641/SRR17458641_2.fastq.gz	Metagenome or environmental sample from plastisphere metagenome
SRR17458642	SAMN24661216	SRX13629800	PRJNA777294	1342751	plastisphere metagenome	NextSeq 500 sequencing: Metagenomic analyses of Mature Plastic Biofilm	29-NT-05-awhitefilm_S20	Plastic	PE		33.69	-76.62	ftp.sra.ebi.ac.uk/vol1/fastq/SRR174/042/SRR17458642/SRR17458642_1.fastq.gz;ftp.sra.ebi.ac.uk/vol1/fastq/SRR174/042/SRR17458642/SRR17458642_2.fastq.gz	Metagenome or environmental sample from plastisphere metagenome
SRR17458644	SAMN24661214	SRX13629798	PRJNA777294	1342751	plastisphere metagenome	NextSeq 500 sequencing: Metagenomic analyses of Mature Plastic Biofilm	24-NT-04-bbluefilament_S18	Plastic	PE		33.45	-76.89	ftp.sra.ebi.ac.uk/vol1/fastq/SRR174/044/SRR17458644/SRR17458644_1.fastq.gz;ftp.sra.ebi.ac.uk/vol1/fastq/SRR174/044/SRR17458644/SRR17458644_2.fastq.gz	Metagenome or environmental sample from plastisphere metagenome
SRR17331969	SAMN24114817	SRX13507538	PRJNA787583	410658	soil metagenome	NextSeq 2000 sequencing: S10	S10	Plastic	PE		46.49634	9.93145	ftp.sra.ebi.ac.uk/vol1/fastq/SRR173/069/SRR17331969/SRR17331969_1.fastq.gz;ftp.sra.ebi.ac.uk/vol1/fastq/SRR173/069/SRR17331969/SRR17331969_2.fastq.gz	Metagenome or environmental sample from soil metagenome
SRR17331971	SAMN24114815	SRX13507536	PRJNA787583	410658	soil metagenome	NextSeq 2000 sequencing: S8	S8	Plastic	BI-OPL		46.49634	9.93145	ftp.sra.ebi.ac.uk/vol1/fastq/SRR173/071/SRR17331971/SRR17331971_1.fastq.gz;ftp.sra.ebi.ac.uk/vol1/fastq/SRR173/071/SRR17331971/SRR17331971_2.fastq.gz	Metagenome or environmental sample from soil metagenome
SRR17331974	SAMN24114812	SRX13507533	PRJNA787583	410658	soil metagenome	NextSeq 2000 sequencing: S5	S5	Plastic	Ecovio		46.49634	9.93145	ftp.sra.ebi.ac.uk/vol1/fastq/SRR173/074/SRR17331974/SRR17331974_1.fastq.gz;ftp.sra.ebi.ac.uk/vol1/fastq/SRR173/074/SRR17331974/SRR17331974_2.fastq.gz	Metagenome or environmental sample from soil metagenome
SRR17331976	SAMN24114810	SRX13507531	PRJNA787583	410658	soil metagenome	NextSeq 2000 sequencing: S3	S3	Non-plastic	Soil		46.49634	9.93145	ftp.sra.ebi.ac.uk/vol1/fastq/SRR173/076/SRR17331976/SRR17331976_1.fastq.gz;ftp.sra.ebi.ac.uk/vol1/fastq/SRR173/076/SRR17331976/SRR17331976_2.fastq.gz	Metagenome or environmental sample from soil metagenome
SRR17331977	SAMN24114819	SRX13507530	PRJNA787583	410658	soil metagenome	NextSeq 2000 sequencing: S12	S12	Plastic	PE		46.49634	9.93145	ftp.sra.ebi.ac.uk/vol1/fastq/SRR173/077/SRR17331977/SRR17331977_1.fastq.gz;ftp.sra.ebi.ac.uk/vol1/fastq/SRR173/077/SRR17331977/SRR17331977_2.fastq.gz	Metagenome or environmental sample from soil metagenome
SRR17331970	SAMN24114816	SRX13507537	PRJNA787583	410658	soil metagenome	NextSeq 2000 sequencing: S9	S9	Plastic	BI-OPL		46.49634	9.93145	ftp.sra.ebi.ac.uk/vol1/fastq/SRR173/070/SRR17331970/SRR17331970_1.fastq.gz;ftp.sra.ebi.ac.uk/vol1/fastq/SRR173/070/SRR17331970/SRR17331970_2.fastq.gz	Metagenome or environmental sample from soil metagenome
SRR17331972	SAMN24114814	SRX13507535	PRJNA787583	410658	soil metagenome	NextSeq 2000 sequencing: S7	S7	Plastic	BI-OPL		46.49634	9.93145	ftp.sra.ebi.ac.uk/vol1/fastq/SRR173/072/SRR17331972/SRR17331972_1.fastq.gz;ftp.sra.ebi.ac.uk/vol1/fastq/SRR173/072/SRR17331972/SRR17331972_2.fastq.gz	Metagenome or environmental sample from soil metagenome
SRR17331979	SAMN24114809	SRX13507528	PRJNA787583	410658	soil metagenome	NextSeq 2000 sequencing: S2	S2	Non-plastic	Soil		46.49634	9.93145	ftp.sra.ebi.ac.uk/vol1/fastq/SRR173/079/SRR17331979/SRR17331979_1.fastq.gz;ftp.sra.ebi.ac.uk/vol1/fastq/SRR173/079/SRR17331979/SRR17331979_2.fastq.gz	Metagenome or environmental sample from soil metagenome
SRR17331973	SAMN24114813	SRX13507534	PRJNA787583	410658	soil metagenome	NextSeq 2000 sequencing: S6	S6	Plastic	Ecovio		46.49634	9.93145	ftp.sra.ebi.ac.uk/vol1/fastq/SRR173/073/SRR17331973/SRR17331973_1.fastq.gz;ftp.sra.ebi.ac.uk/vol1/fastq/SRR173/073/SRR17331973/SRR17331973_2.fastq.gz	Metagenome or environmental sample from soil metagenome
SRR17331975	SAMN24114811	SRX13507532	PRJNA787583	410658	soil metagenome	NextSeq 2000 sequencing: S4	S4	Plastic	Ecovio		46.49634	9.93145	ftp.sra.ebi.ac.uk/vol1/fastq/SRR173/075/SRR17331975/SRR17331975_1.fastq.gz;ftp.sra.ebi.ac.uk/vol1/fastq/SRR173/075/SRR17331975/SRR17331975_2.fastq.gz	Metagenome or environmental sample from soil metagenome
SRR17331978	SAMN24114818	SRX13507529	PRJNA787583	410658	soil metagenome	NextSeq 2000 sequencing: S11	S11	Plastic	PE		46.49634	9.93145	ftp.sra.ebi.ac.uk/vol1/fastq/SRR173/078/SRR17331978/SRR17331978_1.fastq.gz;ftp.sra.ebi.ac.uk/vol1/fastq/SRR173/078/SRR17331978/SRR17331978_2.fastq.gz	Metagenome or environmental sample from soil metagenome
SRR17331980	SAMN24114808	SRX13507527	PRJNA787583	410658	soil metagenome	NextSeq 2000 sequencing: S1	S1	Non-plastic	Soil		46.49634	9.93145	ftp.sra.ebi.ac.uk/vol1/fastq/SRR173/080/SRR17331980/SRR17331980_1.fastq.gz;ftp.sra.ebi.ac.uk/vol1/fastq/SRR173/080/SRR17331980/SRR17331980_2.fastq.gz	Metagenome or environmental sample from soil metagenome
SRR17656790	SAMN25037269	SRX13824899	PRJNA797856	2014073	plastic metagenome	Illumina NovaSeq 6000 sequencing: DNAseq of plastisphere	S269	Plastic	PF	4	21.54	107.976	ftp.sra.ebi.ac.uk/vol1/fastq/SRR176/090/SRR17656790/SRR17656790_1.fastq.gz;ftp.sra.ebi.ac.uk/vol1/fastq/SRR176/090/SRR17656790/SRR17656790_2.fastq.gz	Metagenome or environmental sample from plastic metagenome
SRR17656800	SAMN25037281	SRX13824889	PRJNA797856	2014073	plastic metagenome	Illumina NovaSeq 6000 sequencing: DNAseq of plastisphere	S281	Plastic	PS	1	21.746	107.764	ftp.sra.ebi.ac.uk/vol1/fastq/SRR176/000/SRR17656800/SRR17656800_1.fastq.gz;ftp.sra.ebi.ac.uk/vol1/fastq/SRR176/000/SRR17656800/SRR17656800_2.fastq.gz	Metagenome or environmental sample from plastic metagenome
SRR17656807	SAMN25037275	SRX13824882	PRJNA797856	2014073	plastic metagenome	Illumina NovaSeq 6000 sequencing: DNAseq of plastisphere	S275	Plastic	PFP	5	21.547	107.999	ftp.sra.ebi.ac.uk/vol1/fastq/SRR176/007/SRR17656807/SRR17656807_1.fastq.gz;ftp.sra.ebi.ac.uk/vol1/fastq/SRR176/007/SRR17656807/SRR17656807_2.fastq.gz	Metagenome or environmental sample from plastic metagenome
SRR17656808	SAMN25037274	SRX13824881	PRJNA797856	2014073	plastic metagenome	Illumina NovaSeq 6000 sequencing: DNAseq of plastisphere	S274	Plastic	PFP	4	21.54	107.976	ftp.sra.ebi.ac.uk/vol1/fastq/SRR176/008/SRR17656808/SRR17656808_1.fastq.gz;ftp.sra.ebi.ac.uk/vol1/fastq/SRR176/008/SRR17656808/SRR17656808_2.fastq.gz	Metagenome or environmental sample from plastic metagenome
SRR17656809	SAMN25037273	SRX13824880	PRJNA797856	2014073	plastic metagenome	Illumina NovaSeq 6000 sequencing: DNAseq of plastisphere	S273	Plastic	PFP	3	21.64	107.878	ftp.sra.ebi.ac.uk/vol1/fastq/SRR176/009/SRR17656809/SRR17656809_1.fastq.gz;ftp.sra.ebi.ac.uk/vol1/fastq/SRR176/009/SRR17656809/SRR17656809_2.fastq.gz	Metagenome or environmental sample from plastic metagenome
SRR17656812	SAMN25037262	SRX13824877	PRJNA797856	2014073	plastic metagenome	Illumina NovaSeq 6000 sequencing: DNAseq of plastisphere	S262	Plastic	PE	2	21.649	107.831	ftp.sra.ebi.ac.uk/vol1/fastq/SRR176/012/SRR17656812/SRR17656812_1.fastq.gz;ftp.sra.ebi.ac.uk/vol1/fastq/SRR176/012/SRR17656812/SRR17656812_2.fastq.gz	Metagenome or environmental sample from plastic metagenome
SRR17656794	SAMN25037265	SRX13824895	PRJNA797856	2014073	plastic metagenome	Illumina NovaSeq 6000 sequencing: DNAseq of plastisphere	S265	Plastic	PE	5	21.547	107.999	ftp.sra.ebi.ac.uk/vol1/fastq/SRR176/094/SRR17656794/SRR17656794_1.fastq.gz;ftp.sra.ebi.ac.uk/vol1/fastq/SRR176/094/SRR17656794/SRR17656794_2.fastq.gz	Metagenome or environmental sample from plastic metagenome
SRR17656801	SAMN25037263	SRX13824888	PRJNA797856	2014073	plastic metagenome	Illumina NovaSeq 6000 sequencing: DNAseq of plastisphere	S263	Plastic	PE	3	21.64	107.878	ftp.sra.ebi.ac.uk/vol1/fastq/SRR176/001/SRR17656801/SRR17656801_1.fastq.gz;ftp.sra.ebi.ac.uk/vol1/fastq/SRR176/001/SRR17656801/SRR17656801_2.fastq.gz	Metagenome or environmental sample from plastic metagenome
SRR17656805	SAMN25037277	SRX13824884	PRJNA797856	2014073	plastic metagenome	Illumina NovaSeq 6000 sequencing: DNAseq of plastisphere	S277	Plastic	PP	2	21.649	107.831	ftp.sra.ebi.ac.uk/vol1/fastq/SRR176/005/SRR17656805/SRR17656805_1.fastq.gz;ftp.sra.ebi.ac.uk/vol1/fastq/SRR176/005/SRR17656805/SRR17656805_2.fastq.gz	Metagenome or environmental sample from plastic metagenome
SRR17656789	SAMN25037270	SRX13824900	PRJNA797856	2014073	plastic metagenome	Illumina NovaSeq 6000 sequencing: DNAseq of plastisphere	S270	Plastic	PF	5	21.547	107.999	ftp.sra.ebi.ac.uk/vol1/fastq/SRR176/089/SRR17656789/SRR17656789_1.fastq.gz;ftp.sra.ebi.ac.uk/vol1/fastq/SRR176/089/SRR17656789/SRR17656789_2.fastq.gz	Metagenome or environmental sample from plastic metagenome
SRR17656791	SAMN25037268	SRX13824898	PRJNA797856	2014073	plastic metagenome	Illumina NovaSeq 6000 sequencing: DNAseq of plastisphere	S268	Plastic	PF	3	21.64	107.878	ftp.sra.ebi.ac.uk/vol1/fastq/SRR176/091/SRR17656791/SRR17656791_1.fastq.gz;ftp.sra.ebi.ac.uk/vol1/fastq/SRR176/091/SRR17656791/SRR17656791_2.fastq.gz	Metagenome or environmental sample from plastic metagenome
SRR17656792	SAMN25037267	SRX13824897	PRJNA797856	2014073	plastic metagenome	Illumina NovaSeq 6000 sequencing: DNAseq of plastisphere	S267	Plastic	PF	2	21.649	107.831	ftp.sra.ebi.ac.uk/vol1/fastq/SRR176/092/SRR17656792/SRR17656792_1.fastq.gz;ftp.sra.ebi.ac.uk/vol1/fastq/SRR176/092/SRR17656792/SRR17656792_2.fastq.gz	Metagenome or environmental sample from plastic metagenome
SRR17656793	SAMN25037266	SRX13824896	PRJNA797856	2014073	plastic metagenome	Illumina NovaSeq 6000 sequencing: DNAseq of plastisphere	S266	Plastic	PF	1	21.746	107.764	ftp.sra.ebi.ac.uk/vol1/fastq/SRR176/093/SRR17656793/SRR17656793_1.fastq.gz;ftp.sra.ebi.ac.uk/vol1/fastq/SRR176/093/SRR17656793/SRR17656793_2.fastq.gz	Metagenome or environmental sample from plastic metagenome
SRR17656795	SAMN25037264	SRX13824894	PRJNA797856	2014073	plastic metagenome	Illumina NovaSeq 6000 sequencing: DNAseq of plastisphere	S264	Plastic	PE	4	21.54	107.976	ftp.sra.ebi.ac.uk/vol1/fastq/SRR176/095/SRR17656795/SRR17656795_1.fastq.gz;ftp.sra.ebi.ac.uk/vol1/fastq/SRR176/095/SRR17656795/SRR17656795_2.fastq.gz	Metagenome or environmental sample from plastic metagenome
SRR17656796	SAMN25037285	SRX13824893	PRJNA797856	2014073	plastic metagenome	Illumina NovaSeq 6000 sequencing: DNAseq of plastisphere	S285	Plastic	PS	5	21.547	107.999	ftp.sra.ebi.ac.uk/vol1/fastq/SRR176/096/SRR17656796/SRR17656796_1.fastq.gz;ftp.sra.ebi.ac.uk/vol1/fastq/SRR176/096/SRR17656796/SRR17656796_2.fastq.gz	Metagenome or environmental sample from plastic metagenome
SRR17656797	SAMN25037284	SRX13824892	PRJNA797856	2014073	plastic metagenome	Illumina NovaSeq 6000 sequencing: DNAseq of plastisphere	S284	Plastic	PS	4	21.54	107.976	ftp.sra.ebi.ac.uk/vol1/fastq/SRR176/097/SRR17656797/SRR17656797_1.fastq.gz;ftp.sra.ebi.ac.uk/vol1/fastq/SRR176/097/SRR17656797/SRR17656797_2.fastq.gz	Metagenome or environmental sample from plastic metagenome
SRR17656798	SAMN25037283	SRX13824891	PRJNA797856	2014073	plastic metagenome	Illumina NovaSeq 6000 sequencing: DNAseq of plastisphere	S283	Plastic	PS	3	21.64	107.878	ftp.sra.ebi.ac.uk/vol1/fastq/SRR176/098/SRR17656798/SRR17656798_1.fastq.gz;ftp.sra.ebi.ac.uk/vol1/fastq/SRR176/098/SRR17656798/SRR17656798_2.fastq.gz	Metagenome or environmental sample from plastic metagenome
SRR17656799	SAMN25037282	SRX13824890	PRJNA797856	2014073	plastic metagenome	Illumina NovaSeq 6000 sequencing: DNAseq of plastisphere	S282	Plastic	PS	2	21.649	107.831	ftp.sra.ebi.ac.uk/vol1/fastq/SRR176/099/SRR17656799/SRR17656799_1.fastq.gz;ftp.sra.ebi.ac.uk/vol1/fastq/SRR176/099/SRR17656799/SRR17656799_2.fastq.gz	Metagenome or environmental sample from plastic metagenome
SRR17656802	SAMN25037280	SRX13824887	PRJNA797856	2014073	plastic metagenome	Illumina NovaSeq 6000 sequencing: DNAseq of plastisphere	S280	Plastic	PP	5	21.547	107.999	ftp.sra.ebi.ac.uk/vol1/fastq/SRR176/002/SRR17656802/SRR17656802_1.fastq.gz;ftp.sra.ebi.ac.uk/vol1/fastq/SRR176/002/SRR17656802/SRR17656802_2.fastq.gz	Metagenome or environmental sample from plastic metagenome
SRR17656803	SAMN25037279	SRX13824886	PRJNA797856	2014073	plastic metagenome	Illumina NovaSeq 6000 sequencing: DNAseq of plastisphere	S279	Plastic	PP	4	21.54	107.976	ftp.sra.ebi.ac.uk/vol1/fastq/SRR176/003/SRR17656803/SRR17656803_1.fastq.gz;ftp.sra.ebi.ac.uk/vol1/fastq/SRR176/003/SRR17656803/SRR17656803_2.fastq.gz	Metagenome or environmental sample from plastic metagenome
SRR17656804	SAMN25037278	SRX13824885	PRJNA797856	2014073	plastic metagenome	Illumina NovaSeq 6000 sequencing: DNAseq of plastisphere	S278	Plastic	PP	3	21.64	107.878	ftp.sra.ebi.ac.uk/vol1/fastq/SRR176/004/SRR17656804/SRR17656804_1.fastq.gz;ftp.sra.ebi.ac.uk/vol1/fastq/SRR176/004/SRR17656804/SRR17656804_2.fastq.gz	Metagenome or environmental sample from plastic metagenome
SRR17656806	SAMN25037276	SRX13824883	PRJNA797856	2014073	plastic metagenome	Illumina NovaSeq 6000 sequencing: DNAseq of plastisphere	S276	Plastic	PP	1	21.746	107.764	ftp.sra.ebi.ac.uk/vol1/fastq/SRR176/006/SRR17656806/SRR17656806_1.fastq.gz;ftp.sra.ebi.ac.uk/vol1/fastq/SRR176/006/SRR17656806/SRR17656806_2.fastq.gz	Metagenome or environmental sample from plastic metagenome
SRR17656810	SAMN25037272	SRX13824879	PRJNA797856	2014073	plastic metagenome	Illumina NovaSeq 6000 sequencing: DNAseq of plastisphere	S272	Plastic	PFP	2	21.649	107.831	ftp.sra.ebi.ac.uk/vol1/fastq/SRR176/010/SRR17656810/SRR17656810_1.fastq.gz;ftp.sra.ebi.ac.uk/vol1/fastq/SRR176/010/SRR17656810/SRR17656810_2.fastq.gz	Metagenome or environmental sample from plastic metagenome
SRR17656811	SAMN25037271	SRX13824878	PRJNA797856	2014073	plastic metagenome	Illumina NovaSeq 6000 sequencing: DNAseq of plastisphere	S271	Plastic	PFP	1	21.746	107.764	ftp.sra.ebi.ac.uk/vol1/fastq/SRR176/011/SRR17656811/SRR17656811_1.fastq.gz;ftp.sra.ebi.ac.uk/vol1/fastq/SRR176/011/SRR17656811/SRR17656811_2.fastq.gz	Metagenome or environmental sample from plastic metagenome
SRR17656813	SAMN25037261	SRX13824876	PRJNA797856	2014073	plastic metagenome	Illumina NovaSeq 6000 sequencing: DNAseq of plastisphere	S261	Plastic	PE	1	21.746	107.764	ftp.sra.ebi.ac.uk/vol1/fastq/SRR176/013/SRR17656813/SRR17656813_1.fastq.gz;ftp.sra.ebi.ac.uk/vol1/fastq/SRR176/013/SRR17656813/SRR17656813_2.fastq.gz	Metagenome or environmental sample from plastic metagenome
SRR18313612	SAMN26497820	SRX14450835	PRJNA807872	1592332	sludge metagenome	Illumina NovaSeq 6000 sequencing: WGS from activated sludge	control-noMPs_AS-1	Water	Wastewater	control-noMPs_AS	22.52	113.91	ftp.sra.ebi.ac.uk/vol1/fastq/SRR183/012/SRR18313612/SRR18313612_1.fastq.gz;ftp.sra.ebi.ac.uk/vol1/fastq/SRR183/012/SRR18313612/SRR18313612_2.fastq.gz	Metagenome or environmental sample from sludge metagenome
SRR18313614	SAMN26497822	SRX14450833	PRJNA807872	1592332	sludge metagenome	Illumina NovaSeq 6000 sequencing: WGS from activated sludge	pollut-noMPs_Cu-AS-1	Water	Wastewater	pollut-noMPs_Cu-AS	22.52	113.91	ftp.sra.ebi.ac.uk/vol1/fastq/SRR183/014/SRR18313614/SRR18313614_1.fastq.gz;ftp.sra.ebi.ac.uk/vol1/fastq/SRR183/014/SRR18313614/SRR18313614_2.fastq.gz	Metagenome or environmental sample from sludge metagenome
SRR18313616	SAMN26497824	SRX14450831	PRJNA807872	1592332	sludge metagenome	Illumina NovaSeq 6000 sequencing: WGS from activated sludge	pollut-noMPs_TC-AS-1	Water	Wastewater	pollut-noMPs_TC-AS	22.52	113.91	ftp.sra.ebi.ac.uk/vol1/fastq/SRR183/016/SRR18313616/SRR18313616_1.fastq.gz;ftp.sra.ebi.ac.uk/vol1/fastq/SRR183/016/SRR18313616/SRR18313616_2.fastq.gz	Metagenome or environmental sample from sludge metagenome
SRR18313623	SAMN26497844	SRX14450824	PRJNA807872	1342751	plastisphere metagenome	Illumina NovaSeq 6000 sequencing: WGS from plastisphere	pre-MPs_Cu+TC-MPs-1	Plastic	PVC	pre-MPs_Cu+TC-MPs	22.52	113.91	ftp.sra.ebi.ac.uk/vol1/fastq/SRR183/023/SRR18313623/SRR18313623_1.fastq.gz;ftp.sra.ebi.ac.uk/vol1/fastq/SRR183/023/SRR18313623/SRR18313623_2.fastq.gz	Metagenome or environmental sample from plastisphere metagenome
SRR18313624	SAMN26497845	SRX14450823	PRJNA807872	1342751	plastisphere metagenome	Illumina NovaSeq 6000 sequencing: WGS from plastisphere	pre-MPs_Cu+TC-MPs-2	Plastic	PVC	pre-MPs_Cu+TC-MPs	22.52	113.91	ftp.sra.ebi.ac.uk/vol1/fastq/SRR183/024/SRR18313624/SRR18313624_1.fastq.gz;ftp.sra.ebi.ac.uk/vol1/fastq/SRR183/024/SRR18313624/SRR18313624_2.fastq.gz	Metagenome or environmental sample from plastisphere metagenome
SRR18313630	SAMN26497850	SRX14450817	PRJNA807872	1592332	sludge metagenome	Illumina NovaSeq 6000 sequencing: WGS from activated sludge	pre-AS_Cu+TC-AS-1	Non-plastic	ActivatedSludge	pre-AS_Cu+TC-AS	22.52	113.91	ftp.sra.ebi.ac.uk/vol1/fastq/SRR183/030/SRR18313630/SRR18313630_1.fastq.gz;ftp.sra.ebi.ac.uk/vol1/fastq/SRR183/030/SRR18313630/SRR18313630_2.fastq.gz	Metagenome or environmental sample from sludge metagenome
SRR18313631	SAMN26497851	SRX14450816	PRJNA807872	1592332	sludge metagenome	Illumina NovaSeq 6000 sequencing: WGS from activated sludge	pre-AS_Cu+TC-AS-2	Non-plastic	ActivatedSludge	pre-AS_Cu+TC-AS	22.52	113.91	ftp.sra.ebi.ac.uk/vol1/fastq/SRR183/031/SRR18313631/SRR18313631_1.fastq.gz;ftp.sra.ebi.ac.uk/vol1/fastq/SRR183/031/SRR18313631/SRR18313631_2.fastq.gz	Metagenome or environmental sample from sludge metagenome
SRR18313632	SAMN26497840	SRX14450815	PRJNA807872	1342751	plastisphere metagenome	Illumina NovaSeq 6000 sequencing: WGS from plastisphere	pre-MPs_Cu-MPs-1	Plastic	PVC	pre-MPs_Cu-MPs	22.52	113.91	ftp.sra.ebi.ac.uk/vol1/fastq/SRR183/032/SRR18313632/SRR18313632_1.fastq.gz;ftp.sra.ebi.ac.uk/vol1/fastq/SRR183/032/SRR18313632/SRR18313632_2.fastq.gz	Metagenome or environmental sample from plastisphere metagenome
SRR18313633	SAMN26497841	SRX14450814	PRJNA807872	1342751	plastisphere metagenome	Illumina NovaSeq 6000 sequencing: WGS from plastisphere	pre-MPs_Cu-MPs-2	Plastic	PVC	pre-MPs_Cu-MPs	22.52	113.91	ftp.sra.ebi.ac.uk/vol1/fastq/SRR183/033/SRR18313633/SRR18313633_1.fastq.gz;ftp.sra.ebi.ac.uk/vol1/fastq/SRR183/033/SRR18313633/SRR18313633_2.fastq.gz	Metagenome or environmental sample from plastisphere metagenome
SRR18313638	SAMN26497833	SRX14450809	PRJNA807872	1342751	plastisphere metagenome	Illumina NovaSeq 6000 sequencing: WGS from plastisphere	pollut-MPs_Cu+TC-MPs-2	Plastic	PVC	pollut-MPs_Cu+TC-MPs	22.52	113.91	ftp.sra.ebi.ac.uk/vol1/fastq/SRR183/038/SRR18313638/SRR18313638_1.fastq.gz;ftp.sra.ebi.ac.uk/vol1/fastq/SRR183/038/SRR18313638/SRR18313638_2.fastq.gz	Metagenome or environmental sample from plastisphere metagenome
SRR18313639	SAMN26497832	SRX14450808	PRJNA807872	1342751	plastisphere metagenome	Illumina NovaSeq 6000 sequencing: WGS from plastisphere	pollut-MPs_Cu+TC-MPs-1	Plastic	PVC	pollut-MPs_Cu+TC-MPs	22.52	113.91	ftp.sra.ebi.ac.uk/vol1/fastq/SRR183/039/SRR18313639/SRR18313639_1.fastq.gz;ftp.sra.ebi.ac.uk/vol1/fastq/SRR183/039/SRR18313639/SRR18313639_2.fastq.gz	Metagenome or environmental sample from plastisphere metagenome
SRR18313643	SAMN26497828	SRX14450804	PRJNA807872	1342751	plastisphere metagenome	Illumina NovaSeq 6000 sequencing: WGS from plastisphere	pollut-MPs_Cu-MPs-1	Plastic	PVC	pollut-MPs_Cu-MPs	22.52	113.91	ftp.sra.ebi.ac.uk/vol1/fastq/SRR183/043/SRR18313643/SRR18313643_1.fastq.gz;ftp.sra.ebi.ac.uk/vol1/fastq/SRR183/043/SRR18313643/SRR18313643_2.fastq.gz	Metagenome or environmental sample from plastisphere metagenome
SRR18313645	SAMN26497826	SRX14450802	PRJNA807872	1592332	sludge metagenome	Illumina NovaSeq 6000 sequencing: WGS from activated sludge	pollut-noMPs_Cu+TC-AS-1	Water	Wastewater	pollut-noMPs_Cu+TC-AS	22.52	113.91	ftp.sra.ebi.ac.uk/vol1/fastq/SRR183/045/SRR18313645/SRR18313645_1.fastq.gz;ftp.sra.ebi.ac.uk/vol1/fastq/SRR183/045/SRR18313645/SRR18313645_2.fastq.gz	Metagenome or environmental sample from sludge metagenome
SRR18313647	SAMN26497816	SRX14450800	PRJNA807872	1342751	plastisphere metagenome	Illumina NovaSeq 6000 sequencing: WGS from plastisphere	control-MPs_MPs-1	Plastic	PVC	control-MPs_MPs	22.52	113.91	ftp.sra.ebi.ac.uk/vol1/fastq/SRR183/047/SRR18313647/SRR18313647_1.fastq.gz;ftp.sra.ebi.ac.uk/vol1/fastq/SRR183/047/SRR18313647/SRR18313647_2.fastq.gz	Metagenome or environmental sample from plastisphere metagenome
SRR18313613	SAMN26497821	SRX14450834	PRJNA807872	1592332	sludge metagenome	Illumina NovaSeq 6000 sequencing: WGS from activated sludge	control-noMPs_AS-2	Water	Wastewater	control-noMPs_AS	22.52	113.91	ftp.sra.ebi.ac.uk/vol1/fastq/SRR183/013/SRR18313613/SRR18313613_1.fastq.gz;ftp.sra.ebi.ac.uk/vol1/fastq/SRR183/013/SRR18313613/SRR18313613_2.fastq.gz	Metagenome or environmental sample from sludge metagenome
SRR18313615	SAMN26497823	SRX14450832	PRJNA807872	1592332	sludge metagenome	Illumina NovaSeq 6000 sequencing: WGS from activated sludge	pollut-noMPs_Cu-AS-2	Water	Wastewater	pollut-noMPs_Cu-AS	22.52	113.91	ftp.sra.ebi.ac.uk/vol1/fastq/SRR183/015/SRR18313615/SRR18313615_1.fastq.gz;ftp.sra.ebi.ac.uk/vol1/fastq/SRR183/015/SRR18313615/SRR18313615_2.fastq.gz	Metagenome or environmental sample from sludge metagenome
SRR18313618	SAMN26497837	SRX14450829	PRJNA807872	1592332	sludge metagenome	Illumina NovaSeq 6000 sequencing: WGS from activated sludge	pollut-AS_TC-AS-2	Non-plastic	ActivatedSludge	pollut-AS_TC-AS	22.52	113.91	ftp.sra.ebi.ac.uk/vol1/fastq/SRR183/018/SRR18313618/SRR18313618_1.fastq.gz;ftp.sra.ebi.ac.uk/vol1/fastq/SRR183/018/SRR18313618/SRR18313618_2.fastq.gz	Metagenome or environmental sample from sludge metagenome
SRR18313619	SAMN26497838	SRX14450828	PRJNA807872	1592332	sludge metagenome	Illumina NovaSeq 6000 sequencing: WGS from activated sludge	pollut-AS_Cu+TC-AS-1	Non-plastic	ActivatedSludge	pollut-AS_Cu+TC-AS	22.52	113.91	ftp.sra.ebi.ac.uk/vol1/fastq/SRR183/019/SRR18313619/SRR18313619_1.fastq.gz;ftp.sra.ebi.ac.uk/vol1/fastq/SRR183/019/SRR18313619/SRR18313619_2.fastq.gz	Metagenome or environmental sample from sludge metagenome
SRR18313617	SAMN26497825	SRX14450830	PRJNA807872	1592332	sludge metagenome	Illumina NovaSeq 6000 sequencing: WGS from activated sludge	pollut-noMPs_TC-AS-2	Water	Wastewater	pollut-noMPs_TC-AS	22.52	113.91	ftp.sra.ebi.ac.uk/vol1/fastq/SRR183/017/SRR18313617/SRR18313617_1.fastq.gz;ftp.sra.ebi.ac.uk/vol1/fastq/SRR183/017/SRR18313617/SRR18313617_2.fastq.gz	Metagenome or environmental sample from sludge metagenome
SRR18313621	SAMN26497842	SRX14450826	PRJNA807872	1342751	plastisphere metagenome	Illumina NovaSeq 6000 sequencing: WGS from plastisphere	pre-MPs_TC-MPs-1	Plastic	PVC	pre-MPs_TC-MPs	22.52	113.91	ftp.sra.ebi.ac.uk/vol1/fastq/SRR183/021/SRR18313621/SRR18313621_1.fastq.gz;ftp.sra.ebi.ac.uk/vol1/fastq/SRR183/021/SRR18313621/SRR18313621_2.fastq.gz	Metagenome or environmental sample from plastisphere metagenome
SRR18313620	SAMN26497839	SRX14450827	PRJNA807872	1592332	sludge metagenome	Illumina NovaSeq 6000 sequencing: WGS from activated sludge	pollut-AS_Cu+TC-AS-2	Non-plastic	ActivatedSludge	pollut-AS_Cu+TC-AS	22.52	113.91	ftp.sra.ebi.ac.uk/vol1/fastq/SRR183/020/SRR18313620/SRR18313620_1.fastq.gz;ftp.sra.ebi.ac.uk/vol1/fastq/SRR183/020/SRR18313620/SRR18313620_2.fastq.gz	Metagenome or environmental sample from sludge metagenome
SRR18313625	SAMN26497819	SRX14450822	PRJNA807872	1592332	sludge metagenome	Illumina NovaSeq 6000 sequencing: WGS from activated sludge	control-AS_AS-2	Non-plastic	ActivatedSludge	control-AS_AS	22.52	113.91	ftp.sra.ebi.ac.uk/vol1/fastq/SRR183/025/SRR18313625/SRR18313625_1.fastq.gz;ftp.sra.ebi.ac.uk/vol1/fastq/SRR183/025/SRR18313625/SRR18313625_2.fastq.gz	Metagenome or environmental sample from sludge metagenome
SRR18313622	SAMN26497843	SRX14450825	PRJNA807872	1342751	plastisphere metagenome	Illumina NovaSeq 6000 sequencing: WGS from plastisphere	pre-MPs_TC-MPs-2	Plastic	PVC	pre-MPs_TC-MPs	22.52	113.91	ftp.sra.ebi.ac.uk/vol1/fastq/SRR183/022/SRR18313622/SRR18313622_1.fastq.gz;ftp.sra.ebi.ac.uk/vol1/fastq/SRR183/022/SRR18313622/SRR18313622_2.fastq.gz	Metagenome or environmental sample from plastisphere metagenome
SRR18313626	SAMN26497846	SRX14450821	PRJNA807872	1592332	sludge metagenome	Illumina NovaSeq 6000 sequencing: WGS from activated sludge	pre-AS_Cu-AS-1	Non-plastic	ActivatedSludge	pre-AS_Cu-AS	22.52	113.91	ftp.sra.ebi.ac.uk/vol1/fastq/SRR183/026/SRR18313626/SRR18313626_1.fastq.gz;ftp.sra.ebi.ac.uk/vol1/fastq/SRR183/026/SRR18313626/SRR18313626_2.fastq.gz	Metagenome or environmental sample from sludge metagenome
SRR18313627	SAMN26497847	SRX14450820	PRJNA807872	1592332	sludge metagenome	Illumina NovaSeq 6000 sequencing: WGS from activated sludge	pre-AS_Cu-AS-2	Non-plastic	ActivatedSludge	pre-AS_Cu-AS	22.52	113.91	ftp.sra.ebi.ac.uk/vol1/fastq/SRR183/027/SRR18313627/SRR18313627_1.fastq.gz;ftp.sra.ebi.ac.uk/vol1/fastq/SRR183/027/SRR18313627/SRR18313627_2.fastq.gz	Metagenome or environmental sample from sludge metagenome
SRR18313635	SAMN26497818	SRX14450812	PRJNA807872	1592332	sludge metagenome	Illumina NovaSeq 6000 sequencing: WGS from activated sludge	control-AS_AS-1	Non-plastic	ActivatedSludge	control-AS_AS	22.52	113.91	ftp.sra.ebi.ac.uk/vol1/fastq/SRR183/035/SRR18313635/SRR18313635_1.fastq.gz;ftp.sra.ebi.ac.uk/vol1/fastq/SRR183/035/SRR18313635/SRR18313635_2.fastq.gz	Metagenome or environmental sample from sludge metagenome
SRR18313636	SAMN26497835	SRX14450811	PRJNA807872	1592332	sludge metagenome	Illumina NovaSeq 6000 sequencing: WGS from activated sludge	pollut-AS_Cu-AS-2	Non-plastic	ActivatedSludge	pollut-AS_Cu-AS	22.52	113.91	ftp.sra.ebi.ac.uk/vol1/fastq/SRR183/036/SRR18313636/SRR18313636_1.fastq.gz;ftp.sra.ebi.ac.uk/vol1/fastq/SRR183/036/SRR18313636/SRR18313636_2.fastq.gz	Metagenome or environmental sample from sludge metagenome
SRR18313641	SAMN26497830	SRX14450806	PRJNA807872	1342751	plastisphere metagenome	Illumina NovaSeq 6000 sequencing: WGS from plastisphere	pollut-MPs_TC-MPs-1	Plastic	PVC	pollut-MPs_TC-MPs	22.52	113.91	ftp.sra.ebi.ac.uk/vol1/fastq/SRR183/041/SRR18313641/SRR18313641_1.fastq.gz;ftp.sra.ebi.ac.uk/vol1/fastq/SRR183/041/SRR18313641/SRR18313641_2.fastq.gz	Metagenome or environmental sample from plastisphere metagenome
SRR18313642	SAMN26497829	SRX14450805	PRJNA807872	1342751	plastisphere metagenome	Illumina NovaSeq 6000 sequencing: WGS from plastisphere	pollut-MPs_Cu-MPs-2	Plastic	PVC	pollut-MPs_Cu-MPs	22.52	113.91	ftp.sra.ebi.ac.uk/vol1/fastq/SRR183/042/SRR18313642/SRR18313642_1.fastq.gz;ftp.sra.ebi.ac.uk/vol1/fastq/SRR183/042/SRR18313642/SRR18313642_2.fastq.gz	Metagenome or environmental sample from plastisphere metagenome
SRR18313628	SAMN26497848	SRX14450819	PRJNA807872	1592332	sludge metagenome	Illumina NovaSeq 6000 sequencing: WGS from activated sludge	pre-AS_TC-AS-1	Non-plastic	ActivatedSludge	pre-AS_TC-AS	22.52	113.91	ftp.sra.ebi.ac.uk/vol1/fastq/SRR183/028/SRR18313628/SRR18313628_1.fastq.gz;ftp.sra.ebi.ac.uk/vol1/fastq/SRR183/028/SRR18313628/SRR18313628_2.fastq.gz	Metagenome or environmental sample from sludge metagenome
SRR18313629	SAMN26497849	SRX14450818	PRJNA807872	1592332	sludge metagenome	Illumina NovaSeq 6000 sequencing: WGS from activated sludge	pre-AS_TC-AS-2	Non-plastic	ActivatedSludge	pre-AS_TC-AS	22.52	113.91	ftp.sra.ebi.ac.uk/vol1/fastq/SRR183/029/SRR18313629/SRR18313629_1.fastq.gz;ftp.sra.ebi.ac.uk/vol1/fastq/SRR183/029/SRR18313629/SRR18313629_2.fastq.gz	Metagenome or environmental sample from sludge metagenome
SRR18313634	SAMN26497836	SRX14450813	PRJNA807872	1592332	sludge metagenome	Illumina NovaSeq 6000 sequencing: WGS from activated sludge	pollut-AS_TC-AS-1	Non-plastic	ActivatedSludge	pollut-AS_TC-AS	22.52	113.91	ftp.sra.ebi.ac.uk/vol1/fastq/SRR183/034/SRR18313634/SRR18313634_1.fastq.gz;ftp.sra.ebi.ac.uk/vol1/fastq/SRR183/034/SRR18313634/SRR18313634_2.fastq.gz	Metagenome or environmental sample from sludge metagenome
SRR18313637	SAMN26497834	SRX14450810	PRJNA807872	1592332	sludge metagenome	Illumina NovaSeq 6000 sequencing: WGS from activated sludge	pollut-AS_Cu-AS-1	Non-plastic	ActivatedSludge	pollut-AS_Cu-AS	22.52	113.91	ftp.sra.ebi.ac.uk/vol1/fastq/SRR183/037/SRR18313637/SRR18313637_1.fastq.gz;ftp.sra.ebi.ac.uk/vol1/fastq/SRR183/037/SRR18313637/SRR18313637_2.fastq.gz	Metagenome or environmental sample from sludge metagenome
SRR18313640	SAMN26497831	SRX14450807	PRJNA807872	1342751	plastisphere metagenome	Illumina NovaSeq 6000 sequencing: WGS from plastisphere	pollut-MPs_TC-MPs-2	Plastic	PVC	pollut-MPs_TC-MPs	22.52	113.91	ftp.sra.ebi.ac.uk/vol1/fastq/SRR183/040/SRR18313640/SRR18313640_1.fastq.gz;ftp.sra.ebi.ac.uk/vol1/fastq/SRR183/040/SRR18313640/SRR18313640_2.fastq.gz	Metagenome or environmental sample from plastisphere metagenome
SRR18313644	SAMN26497827	SRX14450803	PRJNA807872	1592332	sludge metagenome	Illumina NovaSeq 6000 sequencing: WGS from activated sludge	pollut-noMPs_Cu+TC-AS-2	Water	Wastewater	pollut-noMPs_Cu+TC-AS	22.52	113.91	ftp.sra.ebi.ac.uk/vol1/fastq/SRR183/044/SRR18313644/SRR18313644_1.fastq.gz;ftp.sra.ebi.ac.uk/vol1/fastq/SRR183/044/SRR18313644/SRR18313644_2.fastq.gz	Metagenome or environmental sample from sludge metagenome
SRR18313646	SAMN26497817	SRX14450801	PRJNA807872	1342751	plastisphere metagenome	Illumina NovaSeq 6000 sequencing: WGS from plastisphere	control-MPs_MPs-2	Plastic	PVC	control-MPs_MPs	22.52	113.91	ftp.sra.ebi.ac.uk/vol1/fastq/SRR183/046/SRR18313646/SRR18313646_1.fastq.gz;ftp.sra.ebi.ac.uk/vol1/fastq/SRR183/046/SRR18313646/SRR18313646_2.fastq.gz	Metagenome or environmental sample from plastisphere metagenome
SRR26541421	SAMN31142928	SRX22243394	PRJNA886482	1342751	plastisphere metagenome	Illumina HiSeq X sequencing: DNA-seq of plastisphere microbiome: PET_PJM02	PET_PJM02	Plastic	PET	PJM02	35.3196666666667	139.650833333333	ftp.sra.ebi.ac.uk/vol1/fastq/SRR265/021/SRR26541421/SRR26541421_1.fastq.gz;ftp.sra.ebi.ac.uk/vol1/fastq/SRR265/021/SRR26541421/SRR26541421_2.fastq.gz	PET_PJM02 was placed at port of JAMSTEC Yokosuka Head quarter (depth: 2~6m) for for 2 months
SRR26541422	SAMN31142927	SRX22243393	PRJNA886482	1342751	plastisphere metagenome	Illumina HiSeq X sequencing: DNA-seq of plastisphere microbiome: PLLA_PJM02	PLLA_PJM02	Plastic	PLLA	PJM02	35.3196666666667	139.650833333333	ftp.sra.ebi.ac.uk/vol1/fastq/SRR265/022/SRR26541422/SRR26541422_1.fastq.gz;ftp.sra.ebi.ac.uk/vol1/fastq/SRR265/022/SRR26541422/SRR26541422_2.fastq.gz	PLLA_PJM02 was placed at port of JAMSTEC Yokosuka Head quarter (depth: 2~6m) for for 2 months
SRR26541423	SAMN31142926	SRX22243392	PRJNA886482	1342751	plastisphere metagenome	Illumina HiSeq X sequencing: DNA-seq of plastisphere microbiome: PBAT_PJM02	PBAT_PJM02	Plastic	PBAT	PJM02	35.3196666666667	139.650833333333	ftp.sra.ebi.ac.uk/vol1/fastq/SRR265/023/SRR26541423/SRR26541423_1.fastq.gz;ftp.sra.ebi.ac.uk/vol1/fastq/SRR265/023/SRR26541423/SRR26541423_2.fastq.gz	PBAT_PJM02 was placed at port of JAMSTEC Yokosuka Head quarter (depth: 2~6m) for for 2 months
SRR26541424	SAMN31142978	SRX22243391	PRJNA886482	1342751	plastisphere metagenome	Illumina HiSeq X sequencing: DNA-seq of plastisphere microbiome: PP_AMN13	PP_AMN13	Plastic	PP	AMN13	22.9988333333333	154.409166666667	ftp.sra.ebi.ac.uk/vol1/fastq/SRR265/024/SRR26541424/SRR26541424_1.fastq.gz;ftp.sra.ebi.ac.uk/vol1/fastq/SRR265/024/SRR26541424/SRR26541424_2.fastq.gz	PP_AMN13 was placed at abyssal plain around Minamitorishima island (depth: 5552m) for for 13 months
SRR26541426	SAMN31142976	SRX22243389	PRJNA886482	1342751	plastisphere metagenome	Illumina HiSeq X sequencing: DNA-seq of plastisphere microbiome: PE_AMN13	PE_AMN13	Plastic	PE	AMN13	22.9988333333333	154.409166666667	ftp.sra.ebi.ac.uk/vol1/fastq/SRR265/026/SRR26541426/SRR26541426_1.fastq.gz;ftp.sra.ebi.ac.uk/vol1/fastq/SRR265/026/SRR26541426/SRR26541426_2.fastq.gz	PE_AMN13 was placed at abyssal plain around Minamitorishima island (depth: 5552m) for for 13 months
SRR26541433	SAMN31142925	SRX22243382	PRJNA886482	1342751	plastisphere metagenome	Illumina HiSeq X sequencing: DNA-seq of plastisphere microbiome: PCL_PJM02	PCL_PJM02	Plastic	PCL	PJM02	35.3196666666667	139.650833333333	ftp.sra.ebi.ac.uk/vol1/fastq/SRR265/033/SRR26541433/SRR26541433_1.fastq.gz;ftp.sra.ebi.ac.uk/vol1/fastq/SRR265/033/SRR26541433/SRR26541433_2.fastq.gz	PCL_PJM02 was placed at port of JAMSTEC Yokosuka Head quarter (depth: 2~6m) for for 2 months
SRR26541440	SAMN31142963	SRX22243375	PRJNA886482	1342751	plastisphere metagenome	Illumina HiSeq X sequencing: DNA-seq of plastisphere microbiome: PET_BHT14	PET_BHT14	Plastic	PET	BHT14	35.0158333333333	139.222166666667	ftp.sra.ebi.ac.uk/vol1/fastq/SRR265/040/SRR26541440/SRR26541440_1.fastq.gz;ftp.sra.ebi.ac.uk/vol1/fastq/SRR265/040/SRR26541440/SRR26541440_2.fastq.gz	PET_BHT14 was placed at hydrocarbon seepage off Hatsushima island (depth: 855m) for for 14 months
SRR26541445	SAMN31142959	SRX22243370	PRJNA886482	1342751	plastisphere metagenome	Illumina HiSeq X sequencing: DNA-seq of plastisphere microbiome: PBSA_BHT14	PBSA_BHT14	Plastic	PBSA	BHT14	35.0158333333333	139.222166666667	ftp.sra.ebi.ac.uk/vol1/fastq/SRR265/045/SRR26541445/SRR26541445_1.fastq.gz;ftp.sra.ebi.ac.uk/vol1/fastq/SRR265/045/SRR26541445/SRR26541445_2.fastq.gz	PBSA_BHT14 was placed at hydrocarbon seepage off Hatsushima island (depth: 855m) for for 14 months
SRR26541453	SAMN31142951	SRX22243362	PRJNA886482	1342751	plastisphere metagenome	Illumina HiSeq X sequencing: DNA-seq of plastisphere microbiome: PLLA_BHT04	PLLA_BHT04	Plastic	PLLA	BHT04	35.0158333333333	139.222166666667	ftp.sra.ebi.ac.uk/vol1/fastq/SRR265/053/SRR26541453/SRR26541453_1.fastq.gz;ftp.sra.ebi.ac.uk/vol1/fastq/SRR265/053/SRR26541453/SRR26541453_2.fastq.gz	PLLA_BHT04 was placed at hydrocarbon seepage off Hatsushima island (depth: 855m) for for 4 months
SRR26541458	SAMN31142947	SRX22243357	PRJNA886482	1342751	plastisphere metagenome	Illumina HiSeq X sequencing: DNA-seq of plastisphere microbiome: PBSA_BHT04	PBSA_BHT04	Plastic	PBSA	BHT04	35.0158333333333	139.222166666667	ftp.sra.ebi.ac.uk/vol1/fastq/SRR265/058/SRR26541458/SRR26541458_1.fastq.gz;ftp.sra.ebi.ac.uk/vol1/fastq/SRR265/058/SRR26541458/SRR26541458_2.fastq.gz	PBSA_BHT04 was placed at hydrocarbon seepage off Hatsushima island (depth: 855m) for for 4 months
SRR26541459	SAMN31142946	SRX22243356	PRJNA886482	1342751	plastisphere metagenome	Illumina HiSeq X sequencing: DNA-seq of plastisphere microbiome: P3HB4HB_BHT04	P3HB4HB_BHT04	Plastic	P3HB4HB	BHT04	35.0158333333333	139.222166666667	ftp.sra.ebi.ac.uk/vol1/fastq/SRR265/059/SRR26541459/SRR26541459_1.fastq.gz;ftp.sra.ebi.ac.uk/vol1/fastq/SRR265/059/SRR26541459/SRR26541459_2.fastq.gz	P3HB4HB_BHT04 was placed at hydrocarbon seepage off Hatsushima island (depth: 855m) for for 4 months
SRR26541461	SAMN31142944	SRX22243354	PRJNA886482	1342751	plastisphere metagenome	Illumina HiSeq X sequencing: DNA-seq of plastisphere microbiome: PHBV_BHT04	PHBV_BHT04	Plastic	PHBV	BHT04	35.0158333333333	139.222166666667	ftp.sra.ebi.ac.uk/vol1/fastq/SRR265/061/SRR26541461/SRR26541461_1.fastq.gz;ftp.sra.ebi.ac.uk/vol1/fastq/SRR265/061/SRR26541461/SRR26541461_2.fastq.gz	PHBV_BHT04 was placed at hydrocarbon seepage off Hatsushima island (depth: 855m) for for 4 months
SRR26541464	SAMN31142941	SRX22243351	PRJNA886482	1342751	plastisphere metagenome	Illumina HiSeq X sequencing: DNA-seq of plastisphere microbiome: PS_PJM12	PS_PJM12	Plastic	PS	PJM12	35.3196666666667	139.650833333333	ftp.sra.ebi.ac.uk/vol1/fastq/SRR265/064/SRR26541464/SRR26541464_1.fastq.gz;ftp.sra.ebi.ac.uk/vol1/fastq/SRR265/064/SRR26541464/SRR26541464_2.fastq.gz	PS_PJM12 was placed at port of JAMSTEC Yokosuka Head quarter (depth: 2~6m) for for 12 months
SRR26541465	SAMN31142940	SRX22243350	PRJNA886482	1342751	plastisphere metagenome	Illumina HiSeq X sequencing: DNA-seq of plastisphere microbiome: PE_PJM12	PE_PJM12	Plastic	PE	PJM12	35.3196666666667	139.650833333333	ftp.sra.ebi.ac.uk/vol1/fastq/SRR265/065/SRR26541465/SRR26541465_1.fastq.gz;ftp.sra.ebi.ac.uk/vol1/fastq/SRR265/065/SRR26541465/SRR26541465_2.fastq.gz	PE_PJM12 was placed at port of JAMSTEC Yokosuka Head quarter (depth: 2~6m) for for 12 months
SRR26541466	SAMN31142922	SRX22243349	PRJNA886482	1342751	plastisphere metagenome	Illumina HiSeq X sequencing: DNA-seq of plastisphere microbiome: PHBH_PJM02	PHBH_PJM02	Plastic	PHBH	PJM02	35.3196666666667	139.650833333333	ftp.sra.ebi.ac.uk/vol1/fastq/SRR265/066/SRR26541466/SRR26541466_1.fastq.gz;ftp.sra.ebi.ac.uk/vol1/fastq/SRR265/066/SRR26541466/SRR26541466_2.fastq.gz	PHBH_PJM02 was placed at port of JAMSTEC Yokosuka Head quarter (depth: 2~6m) for for 2 months
SRR26541467	SAMN31142939	SRX22243348	PRJNA886482	1342751	plastisphere metagenome	Illumina HiSeq X sequencing: DNA-seq of plastisphere microbiome: PLLA_PJM12	PLLA_PJM12	Plastic	PLLA	PJM12	35.3196666666667	139.650833333333	ftp.sra.ebi.ac.uk/vol1/fastq/SRR265/067/SRR26541467/SRR26541467_1.fastq.gz;ftp.sra.ebi.ac.uk/vol1/fastq/SRR265/067/SRR26541467/SRR26541467_2.fastq.gz	PLLA_PJM12 was placed at port of JAMSTEC Yokosuka Head quarter (depth: 2~6m) for for 12 months
SRR26541468	SAMN31142938	SRX22243347	PRJNA886482	1342751	plastisphere metagenome	Illumina HiSeq X sequencing: DNA-seq of plastisphere microbiome: PBAT_PJM12	PBAT_PJM12	Plastic	PBAT	PJM12	35.3196666666667	139.650833333333	ftp.sra.ebi.ac.uk/vol1/fastq/SRR265/068/SRR26541468/SRR26541468_1.fastq.gz;ftp.sra.ebi.ac.uk/vol1/fastq/SRR265/068/SRR26541468/SRR26541468_2.fastq.gz	PBAT_PJM12 was placed at port of JAMSTEC Yokosuka Head quarter (depth: 2~6m) for for 12 months
SRR26541469	SAMN31142937	SRX22243346	PRJNA886482	1342751	plastisphere metagenome	Illumina HiSeq X sequencing: DNA-seq of plastisphere microbiome: PCL_PJM12	PCL_PJM12	Plastic	PCL	PJM12	35.3196666666667	139.650833333333	ftp.sra.ebi.ac.uk/vol1/fastq/SRR265/069/SRR26541469/SRR26541469_1.fastq.gz;ftp.sra.ebi.ac.uk/vol1/fastq/SRR265/069/SRR26541469/SRR26541469_2.fastq.gz	PCL_PJM12 was placed at port of JAMSTEC Yokosuka Head quarter (depth: 2~6m) for for 12 months
SRR26541473	SAMN31142933	SRX22243342	PRJNA886482	1342751	plastisphere metagenome	Illumina HiSeq X sequencing: DNA-seq of plastisphere microbiome: PHBV_PJM12	PHBV_PJM12	Plastic	PHBV	PJM12	35.3196666666667	139.650833333333	ftp.sra.ebi.ac.uk/vol1/fastq/SRR265/073/SRR26541473/SRR26541473_1.fastq.gz;ftp.sra.ebi.ac.uk/vol1/fastq/SRR265/073/SRR26541473/SRR26541473_2.fastq.gz	PHBV_PJM12 was placed at port of JAMSTEC Yokosuka Head quarter (depth: 2~6m) for for 12 months
SRR26541476	SAMN31142930	SRX22243339	PRJNA886482	1342751	plastisphere metagenome	Illumina HiSeq X sequencing: DNA-seq of plastisphere microbiome: PS_PJM02	PS_PJM02	Plastic	PS	PJM02	35.3196666666667	139.650833333333	ftp.sra.ebi.ac.uk/vol1/fastq/SRR265/076/SRR26541476/SRR26541476_1.fastq.gz;ftp.sra.ebi.ac.uk/vol1/fastq/SRR265/076/SRR26541476/SRR26541476_2.fastq.gz	PS_PJM02 was placed at port of JAMSTEC Yokosuka Head quarter (depth: 2~6m) for for 2 months
SRR26541478	SAMN31142920	SRX22243337	PRJNA886482	1342751	plastisphere metagenome	Illumina HiSeq X sequencing: DNA-seq of plastisphere microbiome: PHB_PJM02	PHB_PJM02	Plastic	PHB	PJM02	35.3196666666667	139.650833333333	ftp.sra.ebi.ac.uk/vol1/fastq/SRR265/078/SRR26541478/SRR26541478_1.fastq.gz;ftp.sra.ebi.ac.uk/vol1/fastq/SRR265/078/SRR26541478/SRR26541478_2.fastq.gz	PHB_PJM02 was placed at port of JAMSTEC Yokosuka Head quarter (depth: 2~6m) for 2 months
SRR26549051	SAMN37935295	SRX22250810	PRJNA886482	1561972	seawater metagenome	Illumina HiSeq X sequencing: DNA-seq of deep seawater microbiome: Water_BHT	Water_BHT	Water	Seawater	BHT	35.0158333333333	139.222166666667	ftp.sra.ebi.ac.uk/vol1/fastq/SRR265/051/SRR26549051/SRR26549051_1.fastq.gz;ftp.sra.ebi.ac.uk/vol1/fastq/SRR265/051/SRR26549051/SRR26549051_2.fastq.gz	Water_BHT was collected at hydrocarbon seepage off Hatsushima island (depth: 855m)
SRR26541425	SAMN31142977	SRX22243390	PRJNA886482	1342751	plastisphere metagenome	Illumina HiSeq X sequencing: DNA-seq of plastisphere microbiome: PS_AMN13	PS_AMN13	Plastic	PS	AMN13	22.9988333333333	154.409166666667	ftp.sra.ebi.ac.uk/vol1/fastq/SRR265/025/SRR26541425/SRR26541425_1.fastq.gz;ftp.sra.ebi.ac.uk/vol1/fastq/SRR265/025/SRR26541425/SRR26541425_2.fastq.gz	PS_AMN13 was placed at abyssal plain around Minamitorishima island (depth: 5552m) for for 13 months
SRR26541427	SAMN31142975	SRX22243388	PRJNA886482	1342751	plastisphere metagenome	Illumina HiSeq X sequencing: DNA-seq of plastisphere microbiome: PET_AMN13	PET_AMN13	Plastic	PET	AMN13	22.9988333333333	154.409166666667	ftp.sra.ebi.ac.uk/vol1/fastq/SRR265/027/SRR26541427/SRR26541427_1.fastq.gz;ftp.sra.ebi.ac.uk/vol1/fastq/SRR265/027/SRR26541427/SRR26541427_2.fastq.gz	PET_AMN13 was placed at abyssal plain around Minamitorishima island (depth: 5552m) for for 13 months
SRR26541429	SAMN31142973	SRX22243386	PRJNA886482	1342751	plastisphere metagenome	Illumina HiSeq X sequencing: DNA-seq of plastisphere microbiome: PBAT_AMN13	PBAT_AMN13	Plastic	PBAT	AMN13	22.9988333333333	154.409166666667	ftp.sra.ebi.ac.uk/vol1/fastq/SRR265/029/SRR26541429/SRR26541429_1.fastq.gz;ftp.sra.ebi.ac.uk/vol1/fastq/SRR265/029/SRR26541429/SRR26541429_2.fastq.gz	PBAT_AMN13 was placed at abyssal plain around Minamitorishima island (depth: 5552m) for for 13 months
SRR26541430	SAMN31142972	SRX22243385	PRJNA886482	1342751	plastisphere metagenome	Illumina HiSeq X sequencing: DNA-seq of plastisphere microbiome: PCL_AMN13	PCL_AMN13	Plastic	PCL	AMN13	22.9988333333333	154.409166666667	ftp.sra.ebi.ac.uk/vol1/fastq/SRR265/030/SRR26541430/SRR26541430_1.fastq.gz;ftp.sra.ebi.ac.uk/vol1/fastq/SRR265/030/SRR26541430/SRR26541430_2.fastq.gz	PCL_AMN13 was placed at abyssal plain around Minamitorishima island (depth: 5552m) for for 13 months
SRR26541436	SAMN31142967	SRX22243379	PRJNA886482	1342751	plastisphere metagenome	Illumina HiSeq X sequencing: DNA-seq of plastisphere microbiome: PHB_AMN13	PHB_AMN13	Plastic	PHB	AMN13	22.9988333333333	154.409166666667	ftp.sra.ebi.ac.uk/vol1/fastq/SRR265/036/SRR26541436/SRR26541436_1.fastq.gz;ftp.sra.ebi.ac.uk/vol1/fastq/SRR265/036/SRR26541436/SRR26541436_2.fastq.gz	PHB_AMN13 was placed at abyssal plain around Minamitorishima island (depth: 5552m) for for 13 months
SRR26541437	SAMN31142966	SRX22243378	PRJNA886482	1342751	plastisphere metagenome	Illumina HiSeq X sequencing: DNA-seq of plastisphere microbiome: PP_BHT14	PP_BHT14	Plastic	PP	BHT14	35.0158333333333	139.222166666667	ftp.sra.ebi.ac.uk/vol1/fastq/SRR265/037/SRR26541437/SRR26541437_1.fastq.gz;ftp.sra.ebi.ac.uk/vol1/fastq/SRR265/037/SRR26541437/SRR26541437_2.fastq.gz	PP_BHT14 was placed at hydrocarbon seepage off Hatsushima island (depth: 855m) for for 14 months
SRR26541439	SAMN31142964	SRX22243376	PRJNA886482	1342751	plastisphere metagenome	Illumina HiSeq X sequencing: DNA-seq of plastisphere microbiome: PE_BHT14	PE_BHT14	Plastic	PE	BHT14	35.0158333333333	139.222166666667	ftp.sra.ebi.ac.uk/vol1/fastq/SRR265/039/SRR26541439/SRR26541439_1.fastq.gz;ftp.sra.ebi.ac.uk/vol1/fastq/SRR265/039/SRR26541439/SRR26541439_2.fastq.gz	PE_BHT14 was placed at hydrocarbon seepage off Hatsushima island (depth: 855m) for for 14 months
SRR26541442	SAMN31142961	SRX22243373	PRJNA886482	1342751	plastisphere metagenome	Illumina HiSeq X sequencing: DNA-seq of plastisphere microbiome: PBAT_BHT14	PBAT_BHT14	Plastic	PBAT	BHT14	35.0158333333333	139.222166666667	ftp.sra.ebi.ac.uk/vol1/fastq/SRR265/042/SRR26541442/SRR26541442_1.fastq.gz;ftp.sra.ebi.ac.uk/vol1/fastq/SRR265/042/SRR26541442/SRR26541442_2.fastq.gz	PBAT_BHT14 was placed at hydrocarbon seepage off Hatsushima island (depth: 855m) for for 14 months
SRR26541444	SAMN31142924	SRX22243371	PRJNA886482	1342751	plastisphere metagenome	Illumina HiSeq X sequencing: DNA-seq of plastisphere microbiome: PBSA_PJM02	PBSA_PJM02	Plastic	PBSA	PJM02	35.3196666666667	139.650833333333	ftp.sra.ebi.ac.uk/vol1/fastq/SRR265/044/SRR26541444/SRR26541444_1.fastq.gz;ftp.sra.ebi.ac.uk/vol1/fastq/SRR265/044/SRR26541444/SRR26541444_2.fastq.gz	PBSA_PJM02 was placed at port of JAMSTEC Yokosuka Head quarter (depth: 2~6m) for for 2 months
SRR26541447	SAMN31142957	SRX22243368	PRJNA886482	1342751	plastisphere metagenome	Illumina HiSeq X sequencing: DNA-seq of plastisphere microbiome: PHBH_BHT14	PHBH_BHT14	Plastic	PHBH	BHT14	35.0158333333333	139.222166666667	ftp.sra.ebi.ac.uk/vol1/fastq/SRR265/047/SRR26541447/SRR26541447_1.fastq.gz;ftp.sra.ebi.ac.uk/vol1/fastq/SRR265/047/SRR26541447/SRR26541447_2.fastq.gz	PHBH_BHT14 was placed at hydrocarbon seepage off Hatsushima island (depth: 855m) for for 14 months
SRR26541448	SAMN31142956	SRX22243367	PRJNA886482	1342751	plastisphere metagenome	Illumina HiSeq X sequencing: DNA-seq of plastisphere microbiome: PHBV_BHT14	PHBV_BHT14	Plastic	PHBV	BHT14	35.0158333333333	139.222166666667	ftp.sra.ebi.ac.uk/vol1/fastq/SRR265/048/SRR26541448/SRR26541448_1.fastq.gz;ftp.sra.ebi.ac.uk/vol1/fastq/SRR265/048/SRR26541448/SRR26541448_2.fastq.gz	PHBV_BHT14 was placed at hydrocarbon seepage off Hatsushima island (depth: 855m) for for 14 months
SRR26541449	SAMN31142955	SRX22243366	PRJNA886482	1342751	plastisphere metagenome	Illumina HiSeq X sequencing: DNA-seq of plastisphere microbiome: PHB_BHT14	PHB_BHT14	Plastic	PHB	BHT14	35.0158333333333	139.222166666667	ftp.sra.ebi.ac.uk/vol1/fastq/SRR265/049/SRR26541449/SRR26541449_1.fastq.gz;ftp.sra.ebi.ac.uk/vol1/fastq/SRR265/049/SRR26541449/SRR26541449_2.fastq.gz	PHB_BHT14 was placed at hydrocarbon seepage off Hatsushima island (depth: 855m) for for 14 months
SRR26541450	SAMN31142954	SRX22243365	PRJNA886482	1342751	plastisphere metagenome	Illumina HiSeq X sequencing: DNA-seq of plastisphere microbiome: PP_BHT04	PP_BHT04	Plastic	PP	BHT04	35.0158333333333	139.222166666667	ftp.sra.ebi.ac.uk/vol1/fastq/SRR265/050/SRR26541450/SRR26541450_1.fastq.gz;ftp.sra.ebi.ac.uk/vol1/fastq/SRR265/050/SRR26541450/SRR26541450_2.fastq.gz	PP_BHT04 was placed at hydrocarbon seepage off Hatsushima island (depth: 855m) for for 4 months
SRR26541457	SAMN31142948	SRX22243358	PRJNA886482	1342751	plastisphere metagenome	Illumina HiSeq X sequencing: DNA-seq of plastisphere microbiome: PCL_BHT04	PCL_BHT04	Plastic	PCL	BHT04	35.0158333333333	139.222166666667	ftp.sra.ebi.ac.uk/vol1/fastq/SRR265/057/SRR26541457/SRR26541457_1.fastq.gz;ftp.sra.ebi.ac.uk/vol1/fastq/SRR265/057/SRR26541457/SRR26541457_2.fastq.gz	PCL_BHT04 was placed at hydrocarbon seepage off Hatsushima island (depth: 855m) for for 4 months
SRR26541463	SAMN31142942	SRX22243352	PRJNA886482	1342751	plastisphere metagenome	Illumina HiSeq X sequencing: DNA-seq of plastisphere microbiome: PP_PJM12	PP_PJM12	Plastic	PP	PJM12	35.3196666666667	139.650833333333	ftp.sra.ebi.ac.uk/vol1/fastq/SRR265/063/SRR26541463/SRR26541463_1.fastq.gz;ftp.sra.ebi.ac.uk/vol1/fastq/SRR265/063/SRR26541463/SRR26541463_2.fastq.gz	PP_PJM12 was placed at port of JAMSTEC Yokosuka Head quarter (depth: 2~6m) for for 12 months
SRR26541475	SAMN31142931	SRX22243340	PRJNA886482	1342751	plastisphere metagenome	Illumina HiSeq X sequencing: DNA-seq of plastisphere microbiome: PP_PJM02	PP_PJM02	Plastic	PP	PJM02	35.3196666666667	139.650833333333	ftp.sra.ebi.ac.uk/vol1/fastq/SRR265/075/SRR26541475/SRR26541475_1.fastq.gz;ftp.sra.ebi.ac.uk/vol1/fastq/SRR265/075/SRR26541475/SRR26541475_2.fastq.gz	PP_PJM02 was placed at port of JAMSTEC Yokosuka Head quarter (depth: 2~6m) for for 2 months
SRR26549047	SAMN37935299	SRX22250814	PRJNA886482	749907	sediment metagenome	Illumina HiSeq X sequencing: DNA-seq of deep seafloor sediment: Sediment5cm_BHT	Sediment5cm_BHT	Non-plastic	Sediment	BHT	35.0158333333333	139.222166666667	ftp.sra.ebi.ac.uk/vol1/fastq/SRR265/047/SRR26549047/SRR26549047_1.fastq.gz;ftp.sra.ebi.ac.uk/vol1/fastq/SRR265/047/SRR26549047/SRR26549047_2.fastq.gz	Sediment5cm_BHT was collected at hydrocarbon seepage off Hatsushima island (depth: 855m)
SRR26549048	SAMN37935298	SRX22250813	PRJNA886482	749907	sediment metagenome	Illumina HiSeq X sequencing: DNA-seq of deep seafloor sediment: Sediment3cm_BHT	Sediment3cm_BHT	Non-plastic	Sediment	BHT	35.0158333333333	139.222166666667	ftp.sra.ebi.ac.uk/vol1/fastq/SRR265/048/SRR26549048/SRR26549048_1.fastq.gz;ftp.sra.ebi.ac.uk/vol1/fastq/SRR265/048/SRR26549048/SRR26549048_2.fastq.gz	Sediment3cm_BHT was collected at hydrocarbon seepage off Hatsushima island (depth: 855m)
SRR26549049	SAMN37935297	SRX22250812	PRJNA886482	749907	sediment metagenome	Illumina HiSeq X sequencing: DNA-seq of deep seafloor sediment: Sediment1cm_BHT	Sediment1cm_BHT	Non-plastic	Sediment	BHT	35.0158333333333	139.222166666667	ftp.sra.ebi.ac.uk/vol1/fastq/SRR265/049/SRR26549049/SRR26549049_1.fastq.gz;ftp.sra.ebi.ac.uk/vol1/fastq/SRR265/049/SRR26549049/SRR26549049_2.fastq.gz	Sediment1cm_BHT was collected at hydrocarbon seepage off Hatsushima island (depth: 855m)
SRR26541420	SAMN31142929	SRX22243395	PRJNA886482	1342751	plastisphere metagenome	Illumina HiSeq X sequencing: DNA-seq of plastisphere microbiome: PE_PJM02	PE_PJM02	Plastic	PE	PJM02	35.3196666666667	139.650833333333	ftp.sra.ebi.ac.uk/vol1/fastq/SRR265/020/SRR26541420/SRR26541420_1.fastq.gz;ftp.sra.ebi.ac.uk/vol1/fastq/SRR265/020/SRR26541420/SRR26541420_2.fastq.gz	PE_PJM02 was placed at port of JAMSTEC Yokosuka Head quarter (depth: 2~6m) for for 2 months
SRR26541428	SAMN31142974	SRX22243387	PRJNA886482	1342751	plastisphere metagenome	Illumina HiSeq X sequencing: DNA-seq of plastisphere microbiome: PLLA_AMN13	PLLA_AMN13	Plastic	PLLA	AMN13	22.9988333333333	154.409166666667	ftp.sra.ebi.ac.uk/vol1/fastq/SRR265/028/SRR26541428/SRR26541428_1.fastq.gz;ftp.sra.ebi.ac.uk/vol1/fastq/SRR265/028/SRR26541428/SRR26541428_2.fastq.gz	PLLA_AMN13 was placed at abyssal plain around Minamitorishima island (depth: 5552m) for for 13 months
SRR26541431	SAMN31142971	SRX22243384	PRJNA886482	1342751	plastisphere metagenome	Illumina HiSeq X sequencing: DNA-seq of plastisphere microbiome: PBSA_AMN13	PBSA_AMN13	Plastic	PBSA	AMN13	22.9988333333333	154.409166666667	ftp.sra.ebi.ac.uk/vol1/fastq/SRR265/031/SRR26541431/SRR26541431_1.fastq.gz;ftp.sra.ebi.ac.uk/vol1/fastq/SRR265/031/SRR26541431/SRR26541431_2.fastq.gz	PBSA_AMN13 was placed at abyssal plain around Minamitorishima island (depth: 5552m) for for 13 months
SRR26541432	SAMN31142970	SRX22243383	PRJNA886482	1342751	plastisphere metagenome	Illumina HiSeq X sequencing: DNA-seq of plastisphere microbiome: P3HB4HB_AMN13	P3HB4HB_AMN13	Plastic	P3HB4HB	AMN13	22.9988333333333	154.409166666667	ftp.sra.ebi.ac.uk/vol1/fastq/SRR265/032/SRR26541432/SRR26541432_1.fastq.gz;ftp.sra.ebi.ac.uk/vol1/fastq/SRR265/032/SRR26541432/SRR26541432_2.fastq.gz	P3HB4HB_AMN13 was placed at abyssal plain around Minamitorishima island (depth: 5552m) for for 13 months
SRR26541434	SAMN31142969	SRX22243381	PRJNA886482	1342751	plastisphere metagenome	Illumina HiSeq X sequencing: DNA-seq of plastisphere microbiome: PHBH_AMN13	PHBH_AMN13	Plastic	PHBH	AMN13	22.9988333333333	154.409166666667	ftp.sra.ebi.ac.uk/vol1/fastq/SRR265/034/SRR26541434/SRR26541434_1.fastq.gz;ftp.sra.ebi.ac.uk/vol1/fastq/SRR265/034/SRR26541434/SRR26541434_2.fastq.gz	PHBH_AMN13 was placed at abyssal plain around Minamitorishima island (depth: 5552m) for for 13 months
SRR26541435	SAMN31142968	SRX22243380	PRJNA886482	1342751	plastisphere metagenome	Illumina HiSeq X sequencing: DNA-seq of plastisphere microbiome: PHBV_AMN13	PHBV_AMN13	Plastic	PHBV	AMN13	22.9988333333333	154.409166666667	ftp.sra.ebi.ac.uk/vol1/fastq/SRR265/035/SRR26541435/SRR26541435_1.fastq.gz;ftp.sra.ebi.ac.uk/vol1/fastq/SRR265/035/SRR26541435/SRR26541435_2.fastq.gz	PHBV_AMN13 was placed at abyssal plain around Minamitorishima island (depth: 5552m) for for 13 months
SRR26541438	SAMN31142965	SRX22243377	PRJNA886482	1342751	plastisphere metagenome	Illumina HiSeq X sequencing: DNA-seq of plastisphere microbiome: PS_BHT14	PS_BHT14	Plastic	PS	BHT14	35.0158333333333	139.222166666667	ftp.sra.ebi.ac.uk/vol1/fastq/SRR265/038/SRR26541438/SRR26541438_1.fastq.gz;ftp.sra.ebi.ac.uk/vol1/fastq/SRR265/038/SRR26541438/SRR26541438_2.fastq.gz	PS_BHT14 was placed at hydrocarbon seepage off Hatsushima island (depth: 855m) for for 14 months
SRR26541441	SAMN31142962	SRX22243374	PRJNA886482	1342751	plastisphere metagenome	Illumina HiSeq X sequencing: DNA-seq of plastisphere microbiome: PLLA_BHT14	PLLA_BHT14	Plastic	PLLA	BHT14	35.0158333333333	139.222166666667	ftp.sra.ebi.ac.uk/vol1/fastq/SRR265/041/SRR26541441/SRR26541441_1.fastq.gz;ftp.sra.ebi.ac.uk/vol1/fastq/SRR265/041/SRR26541441/SRR26541441_2.fastq.gz	PLLA_BHT14 was placed at hydrocarbon seepage off Hatsushima island (depth: 855m) for for 14 months
SRR26541443	SAMN31142960	SRX22243372	PRJNA886482	1342751	plastisphere metagenome	Illumina HiSeq X sequencing: DNA-seq of plastisphere microbiome: PCL_BHT14	PCL_BHT14	Plastic	PCL	BHT14	35.0158333333333	139.222166666667	ftp.sra.ebi.ac.uk/vol1/fastq/SRR265/043/SRR26541443/SRR26541443_1.fastq.gz;ftp.sra.ebi.ac.uk/vol1/fastq/SRR265/043/SRR26541443/SRR26541443_2.fastq.gz	PCL_BHT14 was placed at hydrocarbon seepage off Hatsushima island (depth: 855m) for for 14 months
SRR26541446	SAMN31142958	SRX22243369	PRJNA886482	1342751	plastisphere metagenome	Illumina HiSeq X sequencing: DNA-seq of plastisphere microbiome: P3HB4HB_BHT14	P3HB4HB_BHT14	Plastic	P3HB4HB	BHT14	35.0158333333333	139.222166666667	ftp.sra.ebi.ac.uk/vol1/fastq/SRR265/046/SRR26541446/SRR26541446_1.fastq.gz;ftp.sra.ebi.ac.uk/vol1/fastq/SRR265/046/SRR26541446/SRR26541446_2.fastq.gz	P3HB4HB_BHT14 was placed at hydrocarbon seepage off Hatsushima island (depth: 855m) for for 14 months
SRR26541451	SAMN31142953	SRX22243364	PRJNA886482	1342751	plastisphere metagenome	Illumina HiSeq X sequencing: DNA-seq of plastisphere microbiome: PS_BHT04	PS_BHT04	Plastic	PS	BHT04	35.0158333333333	139.222166666667	ftp.sra.ebi.ac.uk/vol1/fastq/SRR265/051/SRR26541451/SRR26541451_1.fastq.gz;ftp.sra.ebi.ac.uk/vol1/fastq/SRR265/051/SRR26541451/SRR26541451_2.fastq.gz	PS_BHT04 was placed at hydrocarbon seepage off Hatsushima island (depth: 855m) for for 4 months
SRR26541452	SAMN31142952	SRX22243363	PRJNA886482	1342751	plastisphere metagenome	Illumina HiSeq X sequencing: DNA-seq of plastisphere microbiome: PE_BHT04	PE_BHT04	Plastic	PE	BHT04	35.0158333333333	139.222166666667	ftp.sra.ebi.ac.uk/vol1/fastq/SRR265/052/SRR26541452/SRR26541452_1.fastq.gz;ftp.sra.ebi.ac.uk/vol1/fastq/SRR265/052/SRR26541452/SRR26541452_2.fastq.gz	PE_BHT04 was placed at hydrocarbon seepage off Hatsushima island (depth: 855m) for for 4 months
SRR26541454	SAMN31142950	SRX22243361	PRJNA886482	1342751	plastisphere metagenome	Illumina HiSeq X sequencing: DNA-seq of plastisphere microbiome: PET_BHT04	PET_BHT04	Plastic	PET	BHT04	35.0158333333333	139.222166666667	ftp.sra.ebi.ac.uk/vol1/fastq/SRR265/054/SRR26541454/SRR26541454_1.fastq.gz;ftp.sra.ebi.ac.uk/vol1/fastq/SRR265/054/SRR26541454/SRR26541454_2.fastq.gz	PET_BHT04 was placed at hydrocarbon seepage off Hatsushima island (depth: 855m) for for 4 months
SRR26541455	SAMN31142923	SRX22243360	PRJNA886482	1342751	plastisphere metagenome	Illumina HiSeq X sequencing: DNA-seq of plastisphere microbiome: P3HB4HB_PJM02	P3HB4HB_PJM02	Plastic	P3HB4HB	PJM02	35.3196666666667	139.650833333333	ftp.sra.ebi.ac.uk/vol1/fastq/SRR265/055/SRR26541455/SRR26541455_1.fastq.gz;ftp.sra.ebi.ac.uk/vol1/fastq/SRR265/055/SRR26541455/SRR26541455_2.fastq.gz	P3HB4HB_PJM02 was placed at port of JAMSTEC Yokosuka Head quarter (depth: 2~6m) for for 2 months
SRR26541456	SAMN31142949	SRX22243359	PRJNA886482	1342751	plastisphere metagenome	Illumina HiSeq X sequencing: DNA-seq of plastisphere microbiome: PBAT_BHT04	PBAT_BHT04	Plastic	PBAT	BHT04	35.0158333333333	139.222166666667	ftp.sra.ebi.ac.uk/vol1/fastq/SRR265/056/SRR26541456/SRR26541456_1.fastq.gz;ftp.sra.ebi.ac.uk/vol1/fastq/SRR265/056/SRR26541456/SRR26541456_2.fastq.gz	PBAT_BHT04 was placed at hydrocarbon seepage off Hatsushima island (depth: 855m) for for 4 months
SRR26541460	SAMN31142945	SRX22243355	PRJNA886482	1342751	plastisphere metagenome	Illumina HiSeq X sequencing: DNA-seq of plastisphere microbiome: PHBH_BHT04	PHBH_BHT04	Plastic	PHBH	BHT04	35.0158333333333	139.222166666667	ftp.sra.ebi.ac.uk/vol1/fastq/SRR265/060/SRR26541460/SRR26541460_1.fastq.gz;ftp.sra.ebi.ac.uk/vol1/fastq/SRR265/060/SRR26541460/SRR26541460_2.fastq.gz	PHBH_BHT04 was placed at hydrocarbon seepage off Hatsushima island (depth: 855m) for for 4 months
SRR26541462	SAMN31142943	SRX22243353	PRJNA886482	1342751	plastisphere metagenome	Illumina HiSeq X sequencing: DNA-seq of plastisphere microbiome: PHB_BHT04	PHB_BHT04	Plastic	PHB	BHT04	35.0158333333333	139.222166666667	ftp.sra.ebi.ac.uk/vol1/fastq/SRR265/062/SRR26541462/SRR26541462_1.fastq.gz;ftp.sra.ebi.ac.uk/vol1/fastq/SRR265/062/SRR26541462/SRR26541462_2.fastq.gz	PHB_BHT04 was placed at hydrocarbon seepage off Hatsushima island (depth: 855m) for for 4 months
SRR26541470	SAMN31142936	SRX22243345	PRJNA886482	1342751	plastisphere metagenome	Illumina HiSeq X sequencing: DNA-seq of plastisphere microbiome: PBSA_PJM12	PBSA_PJM12	Plastic	PBSA	PJM12	35.3196666666667	139.650833333333	ftp.sra.ebi.ac.uk/vol1/fastq/SRR265/070/SRR26541470/SRR26541470_1.fastq.gz;ftp.sra.ebi.ac.uk/vol1/fastq/SRR265/070/SRR26541470/SRR26541470_2.fastq.gz	PBSA_PJM12 was placed at port of JAMSTEC Yokosuka Head quarter (depth: 2~6m) for for 12 months
SRR26541471	SAMN31142935	SRX22243344	PRJNA886482	1342751	plastisphere metagenome	Illumina HiSeq X sequencing: DNA-seq of plastisphere microbiome: P3HB4HB_PJM12	P3HB4HB_PJM12	Plastic	P3HB4HB	PJM12	35.3196666666667	139.650833333333	ftp.sra.ebi.ac.uk/vol1/fastq/SRR265/071/SRR26541471/SRR26541471_1.fastq.gz;ftp.sra.ebi.ac.uk/vol1/fastq/SRR265/071/SRR26541471/SRR26541471_2.fastq.gz	P3HB4HB_PJM12 was placed at port of JAMSTEC Yokosuka Head quarter (depth: 2~6m) for for 12 months
SRR26541472	SAMN31142934	SRX22243343	PRJNA886482	1342751	plastisphere metagenome	Illumina HiSeq X sequencing: DNA-seq of plastisphere microbiome: PHBH_PJM12	PHBH_PJM12	Plastic	PHBH	PJM12	35.3196666666667	139.650833333333	ftp.sra.ebi.ac.uk/vol1/fastq/SRR265/072/SRR26541472/SRR26541472_1.fastq.gz;ftp.sra.ebi.ac.uk/vol1/fastq/SRR265/072/SRR26541472/SRR26541472_2.fastq.gz	PHBH_PJM12 was placed at port of JAMSTEC Yokosuka Head quarter (depth: 2~6m) for for 12 months
SRR26541474	SAMN31142932	SRX22243341	PRJNA886482	1342751	plastisphere metagenome	Illumina HiSeq X sequencing: DNA-seq of plastisphere microbiome: PHB_PJM12	PHB_PJM12	Plastic	PHB	PJM12	35.3196666666667	139.650833333333	ftp.sra.ebi.ac.uk/vol1/fastq/SRR265/074/SRR26541474/SRR26541474_1.fastq.gz;ftp.sra.ebi.ac.uk/vol1/fastq/SRR265/074/SRR26541474/SRR26541474_2.fastq.gz	PHB_PJM12 was placed at port of JAMSTEC Yokosuka Head quarter (depth: 2~6m) for for 12 months
SRR26541477	SAMN31142921	SRX22243338	PRJNA886482	1342751	plastisphere metagenome	Illumina HiSeq X sequencing: DNA-seq of plastisphere microbiome: PHBV_PJM02	PHBV_PJM02	Plastic	PHBV	PJM02	35.3196666666667	139.650833333333	ftp.sra.ebi.ac.uk/vol1/fastq/SRR265/077/SRR26541477/SRR26541477_1.fastq.gz;ftp.sra.ebi.ac.uk/vol1/fastq/SRR265/077/SRR26541477/SRR26541477_2.fastq.gz	PHBV_PJM02 was placed at port of JAMSTEC Yokosuka Head quarter (depth: 2~6m) for for 2 months
SRR26549046	SAMN37935300	SRX22250815	PRJNA886482	749907	sediment metagenome	Illumina HiSeq X sequencing: DNA-seq of deep seafloor sediment: Sediment10cm_BHT	Sediment10cm_BHT	Non-plastic	Sediment	BHT	35.0158333333333	139.222166666667	ftp.sra.ebi.ac.uk/vol1/fastq/SRR265/046/SRR26549046/SRR26549046_1.fastq.gz;ftp.sra.ebi.ac.uk/vol1/fastq/SRR265/046/SRR26549046/SRR26549046_2.fastq.gz	Sediment10cm_BHT was collected at hydrocarbon seepage off Hatsushima island (depth: 855m)
SRR26549050	SAMN37935296	SRX22250811	PRJNA886482	749907	sediment metagenome	Illumina HiSeq X sequencing: DNA-seq of deep seafloor sediment: Sediment1cm_BHTp	Sediment1cm_BHTp	Non-plastic	Sediment	BHTp	35.0158333333333	139.222166666667	ftp.sra.ebi.ac.uk/vol1/fastq/SRR265/050/SRR26549050/SRR26549050_1.fastq.gz;ftp.sra.ebi.ac.uk/vol1/fastq/SRR265/050/SRR26549050/SRR26549050_2.fastq.gz	Sediment1cm_BHTp was collected near sample chamber at hydrocarbon seepage off Hatsushima island (depth: 855m)
SRR26549052	SAMN37935294	SRX22250809	PRJNA886482	1561972	seawater metagenome	Illumina HiSeq X sequencing: DNA-seq of deep seawater microbiome: Water_BHTp	Water_BHTp	Water	Seawater	BHTp	35.0158333333333	139.222166666667	ftp.sra.ebi.ac.uk/vol1/fastq/SRR265/052/SRR26549052/SRR26549052_1.fastq.gz;ftp.sra.ebi.ac.uk/vol1/fastq/SRR265/052/SRR26549052/SRR26549052_2.fastq.gz	Water_BHT was collected near sample chamber at hydrocarbon seepage off Hatsushima island (depth: 855m)
SRR24947108	SAMN35767994	SRX20705583	PRJNA984432	256318	metagenome	MGISEQ-2000RS sequencing: metagenomic sequences	PlaQDSumEs2	Plastic	Undefined plastic		36.255	120.315	ftp.sra.ebi.ac.uk/vol1/fastq/SRR249/008/SRR24947108/SRR24947108_1.fastq.gz;ftp.sra.ebi.ac.uk/vol1/fastq/SRR249/008/SRR24947108/SRR24947108_2.fastq.gz	Metagenome or environmental sample from metagenome
SRR24947111	SAMN35767991	SRX20705580	PRJNA984432	256318	metagenome	MGISEQ-2000RS sequencing: metagenomic sequences	EnvQDSumPort4	Water	Seawater		36.255	120.315	ftp.sra.ebi.ac.uk/vol1/fastq/SRR249/011/SRR24947111/SRR24947111_1.fastq.gz;ftp.sra.ebi.ac.uk/vol1/fastq/SRR249/011/SRR24947111/SRR24947111_2.fastq.gz	Metagenome or environmental sample from metagenome
SRR24947113	SAMN35767989	SRX20705578	PRJNA984432	256318	metagenome	MGISEQ-2000RS sequencing: metagenomic sequences	EnvQDSumPort1	Water	Seawater		36.255	120.315	ftp.sra.ebi.ac.uk/vol1/fastq/SRR249/013/SRR24947113/SRR24947113_1.fastq.gz;ftp.sra.ebi.ac.uk/vol1/fastq/SRR249/013/SRR24947113/SRR24947113_2.fastq.gz	Metagenome or environmental sample from metagenome
SRR24947116	SAMN35767998	SRX20705575	PRJNA984432	256318	metagenome	MGISEQ-2000RS sequencing: metagenomic sequences	PlaQDSumPort4	Plastic	Undefined plastic		36.255	120.315	ftp.sra.ebi.ac.uk/vol1/fastq/SRR249/016/SRR24947116/SRR24947116_1.fastq.gz;ftp.sra.ebi.ac.uk/vol1/fastq/SRR249/016/SRR24947116/SRR24947116_2.fastq.gz	Metagenome or environmental sample from metagenome
SRR24947117	SAMN35767997	SRX20705574	PRJNA984432	256318	metagenome	MGISEQ-2000RS sequencing: metagenomic sequences	PlaQDSumPort3	Plastic	Undefined plastic		36.255	120.315	ftp.sra.ebi.ac.uk/vol1/fastq/SRR249/017/SRR24947117/SRR24947117_1.fastq.gz;ftp.sra.ebi.ac.uk/vol1/fastq/SRR249/017/SRR24947117/SRR24947117_2.fastq.gz	Metagenome or environmental sample from metagenome
SRR24947118	SAMN35767996	SRX20705573	PRJNA984432	256318	metagenome	MGISEQ-2000RS sequencing: metagenomic sequences	PlaQDSumPort1	Plastic	Undefined plastic		36.255	120.315	ftp.sra.ebi.ac.uk/vol1/fastq/SRR249/018/SRR24947118/SRR24947118_1.fastq.gz;ftp.sra.ebi.ac.uk/vol1/fastq/SRR249/018/SRR24947118/SRR24947118_2.fastq.gz	Metagenome or environmental sample from metagenome
SRR24947107	SAMN35767995	SRX20705584	PRJNA984432	256318	metagenome	MGISEQ-2000RS sequencing: metagenomic sequences	PlaQDSumEs3	Plastic	Undefined plastic		36.255	120.315	ftp.sra.ebi.ac.uk/vol1/fastq/SRR249/007/SRR24947107/SRR24947107_1.fastq.gz;ftp.sra.ebi.ac.uk/vol1/fastq/SRR249/007/SRR24947107/SRR24947107_2.fastq.gz	Metagenome or environmental sample from metagenome
SRR24947109	SAMN35767993	SRX20705582	PRJNA984432	256318	metagenome	MGISEQ-2000RS sequencing: metagenomic sequences	PlaQDSumEs1	Plastic	Undefined plastic		36.255	120.315	ftp.sra.ebi.ac.uk/vol1/fastq/SRR249/009/SRR24947109/SRR24947109_1.fastq.gz;ftp.sra.ebi.ac.uk/vol1/fastq/SRR249/009/SRR24947109/SRR24947109_2.fastq.gz	Metagenome or environmental sample from metagenome
SRR24947119	SAMN35767987	SRX20705572	PRJNA984432	256318	metagenome	MGISEQ-2000RS sequencing: metagenomic sequences	EnvQDSumEs2	Water	Seawater		36.255	120.315	ftp.sra.ebi.ac.uk/vol1/fastq/SRR249/019/SRR24947119/SRR24947119_1.fastq.gz;ftp.sra.ebi.ac.uk/vol1/fastq/SRR249/019/SRR24947119/SRR24947119_2.fastq.gz	Metagenome or environmental sample from metagenome
SRR24947120	SAMN35767986	SRX20705571	PRJNA984432	256318	metagenome	MGISEQ-2000RS sequencing: metagenomic sequences	EnvQDSumEs1	Water	Seawater		36.255	120.315	ftp.sra.ebi.ac.uk/vol1/fastq/SRR249/020/SRR24947120/SRR24947120_1.fastq.gz;ftp.sra.ebi.ac.uk/vol1/fastq/SRR249/020/SRR24947120/SRR24947120_2.fastq.gz	Metagenome or environmental sample from metagenome
SRR24947110	SAMN35767992	SRX20705581	PRJNA984432	256318	metagenome	MGISEQ-2000RS sequencing: metagenomic sequences	EnvQDSumPort5	Water	Seawater		36.255	120.315	ftp.sra.ebi.ac.uk/vol1/fastq/SRR249/010/SRR24947110/SRR24947110_1.fastq.gz;ftp.sra.ebi.ac.uk/vol1/fastq/SRR249/010/SRR24947110/SRR24947110_2.fastq.gz	Metagenome or environmental sample from metagenome
SRR24947112	SAMN35767990	SRX20705579	PRJNA984432	256318	metagenome	MGISEQ-2000RS sequencing: metagenomic sequences	EnvQDSumPort3	Water	Seawater		36.255	120.315	ftp.sra.ebi.ac.uk/vol1/fastq/SRR249/012/SRR24947112/SRR24947112_1.fastq.gz;ftp.sra.ebi.ac.uk/vol1/fastq/SRR249/012/SRR24947112/SRR24947112_2.fastq.gz	Metagenome or environmental sample from metagenome
SRR24947114	SAMN35767988	SRX20705577	PRJNA984432	256318	metagenome	MGISEQ-2000RS sequencing: metagenomic sequences	EnvQDSumEs3	Water	Seawater		36.255	120.315	ftp.sra.ebi.ac.uk/vol1/fastq/SRR249/014/SRR24947114/SRR24947114_1.fastq.gz;ftp.sra.ebi.ac.uk/vol1/fastq/SRR249/014/SRR24947114/SRR24947114_2.fastq.gz	Metagenome or environmental sample from metagenome
SRR24947115	SAMN35767999	SRX20705576	PRJNA984432	256318	metagenome	MGISEQ-2000RS sequencing: metagenomic sequences	PlaQDSumPort5	Plastic	Undefined plastic		36.255	120.315	ftp.sra.ebi.ac.uk/vol1/fastq/SRR249/015/SRR24947115/SRR24947115_1.fastq.gz;ftp.sra.ebi.ac.uk/vol1/fastq/SRR249/015/SRR24947115/SRR24947115_2.fastq.gz	Metagenome or environmental sample from metagenome
